#IP,HTTP1-JSON,HTTP2-JSON,HTTP1-RFC-GET,HTTP2-RFC-GET,HTTP1-RFC-POST,HTTP2-RFC-POST,TLS 1.3 support,hostname
0,45.90.30.147,TRUE,TRUE,TRUE,TRUE,TRUE,TRUE,TRUE,dns2.nextdns.io
1,45.90.30.123,TRUE,TRUE,TRUE,TRUE,TRUE,TRUE,TRUE,dns2.nextdns.io
2,45.90.30.174,TRUE,TRUE,TRUE,TRUE,TRUE,TRUE,TRUE,dns2.nextdns.io
3,217.160.249.29,FALSE,FALSE,TRUE,TRUE,TRUE,TRUE,FALSE,217.160.249.29
4,45.90.28.38,TRUE,TRUE,TRUE,TRUE,TRUE,TRUE,TRUE,dns1.nextdns.io
5,45.90.28.25,TRUE,TRUE,TRUE,TRUE,TRUE,TRUE,TRUE,dns1.nextdns.io
6,45.90.29.14,TRUE,TRUE,TRUE,TRUE,TRUE,TRUE,FALSE,45.90.29.14
7,75.2.80.144,FALSE,FALSE,TRUE,TRUE,TRUE,TRUE,FALSE,a0fdb0990f3f010eb.awsglobalaccelerator.com
8,213.183.62.11,TRUE,TRUE,TRUE,TRUE,TRUE,TRUE,TRUE,dns.nextdns.io
9,89.233.43.71,FALSE,FALSE,TRUE,TRUE,TRUE,TRUE,TRUE,unicast.censurfridns.dk
10,176.126.70.229,FALSE,FALSE,TRUE,TRUE,TRUE,TRUE,FALSE,clears.worldwidemake.com
11,31.216.6.41,FALSE,FALSE,TRUE,TRUE,TRUE,TRUE,FALSE,ns1.highnet.com
12,195.91.66.55,FALSE,FALSE,TRUE,TRUE,TRUE,TRUE,FALSE,mob-55.195-91-66.telekom.sk
13,176.58.92.236,FALSE,FALSE,TRUE,TRUE,TRUE,TRUE,FALSE,dns1-lhr.securd.com
14,45.90.28.71,TRUE,TRUE,TRUE,TRUE,TRUE,TRUE,TRUE,dns1.nextdns.io
15,45.90.30.10,TRUE,TRUE,TRUE,TRUE,TRUE,TRUE,TRUE,dns2.nextdns.io
16,45.90.28.107,TRUE,TRUE,TRUE,TRUE,TRUE,TRUE,TRUE,dns1.nextdns.io
17,45.90.30.12,TRUE,TRUE,TRUE,TRUE,TRUE,TRUE,TRUE,dns2.nextdns.io
18,80.125.181.13,FALSE,FALSE,TRUE,TRUE,TRUE,TRUE,FALSE,ppr3-cae.sdp.sfr.fr.casepp.sfr.fr
19,86.0.64.55,FALSE,FALSE,TRUE,FALSE,TRUE,FALSE,FALSE,cpc75651-alde5-2-0-cust54.6-2.cable.virginm.net
20,80.124.140.238,FALSE,FALSE,TRUE,TRUE,TRUE,TRUE,FALSE,next.sfr.fr.casepp.sfr.fr
21,107.162.133.99,FALSE,FALSE,TRUE,TRUE,TRUE,TRUE,FALSE,107.162.133.99
22,217.138.209.217,TRUE,TRUE,TRUE,TRUE,TRUE,TRUE,TRUE,dns.nextdns.io
23,74.82.42.42,FALSE,FALSE,TRUE,TRUE,TRUE,TRUE,TRUE,ordns.he.net
24,213.61.254.42,FALSE,FALSE,TRUE,TRUE,TRUE,TRUE,FALSE,213.61.254.42
25,45.90.29.12,TRUE,TRUE,TRUE,TRUE,TRUE,TRUE,FALSE,45.90.29.12
26,45.90.28.59,TRUE,TRUE,TRUE,TRUE,TRUE,TRUE,TRUE,dns1.nextdns.io
27,116.202.244.138,FALSE,FALSE,TRUE,TRUE,TRUE,TRUE,TRUE,pair01-02.ihatemy.live
28,128.93.162.64,FALSE,FALSE,TRUE,TRUE,TRUE,TRUE,FALSE,qlf-doh.inria.fr
29,64.64.248.141,FALSE,FALSE,TRUE,FALSE,TRUE,FALSE,FALSE,64.64.248.141.16clouds.com
30,45.90.30.44,TRUE,TRUE,TRUE,TRUE,TRUE,TRUE,TRUE,dns2.nextdns.io
31,45.90.30.221,TRUE,TRUE,TRUE,TRUE,TRUE,TRUE,TRUE,dns2.nextdns.io
32,54.227.13.144,FALSE,FALSE,TRUE,FALSE,TRUE,FALSE,FALSE,ec2-54-227-13-144.compute-1.amazonaws.com
33,92.63.170.105,FALSE,FALSE,TRUE,TRUE,TRUE,TRUE,FALSE,hosted.by.pcextreme
34,45.90.29.211,TRUE,TRUE,TRUE,TRUE,TRUE,TRUE,FALSE,45.90.29.211
35,45.90.28.242,TRUE,TRUE,TRUE,TRUE,TRUE,TRUE,TRUE,dns1.nextdns.io
36,45.90.29.148,TRUE,TRUE,TRUE,TRUE,TRUE,TRUE,FALSE,45.90.29.148
37,45.90.29.129,TRUE,TRUE,TRUE,TRUE,TRUE,TRUE,FALSE,45.90.29.129
38,170.176.145.150,TRUE,FALSE,TRUE,FALSE,TRUE,FALSE,FALSE,170.176.145.150
39,140.238.174.12,FALSE,FALSE,TRUE,TRUE,TRUE,TRUE,FALSE,140.238.174.12
40,223.5.5.5,FALSE,FALSE,TRUE,TRUE,TRUE,TRUE,TRUE,com.alidns.com
41,217.146.11.49,TRUE,TRUE,TRUE,TRUE,TRUE,TRUE,FALSE,217.146.11.49
42,119.28.63.83,FALSE,FALSE,TRUE,TRUE,TRUE,TRUE,FALSE,119.28.63.83
43,45.90.29.44,TRUE,TRUE,TRUE,TRUE,TRUE,TRUE,FALSE,45.90.29.44
44,209.177.158.248,FALSE,FALSE,TRUE,TRUE,TRUE,TRUE,FALSE,209.177.158.248
45,46.101.66.244,FALSE,FALSE,TRUE,FALSE,TRUE,FALSE,FALSE,doh.li
46,149.112.112.12,FALSE,FALSE,TRUE,TRUE,TRUE,TRUE,TRUE,149.112.112.12
47,104.225.11.36,FALSE,FALSE,TRUE,TRUE,TRUE,TRUE,FALSE,104.225.11.36
48,17.253.16.119,FALSE,FALSE,TRUE,TRUE,TRUE,TRUE,FALSE,usscz2-doh-001.aaplimg.com
49,45.90.30.81,TRUE,TRUE,TRUE,TRUE,TRUE,TRUE,TRUE,dns2.nextdns.io
50,185.88.160.25,FALSE,FALSE,FALSE,TRUE,FALSE,TRUE,TRUE,rns.im.spb.ru
51,165.232.130.184,FALSE,FALSE,TRUE,TRUE,TRUE,TRUE,FALSE,165.232.130.184
52,45.90.28.62,TRUE,TRUE,TRUE,TRUE,TRUE,TRUE,TRUE,dns1.nextdns.io
53,45.90.30.91,TRUE,TRUE,TRUE,TRUE,TRUE,TRUE,TRUE,dns2.nextdns.io
54,194.39.205.162,FALSE,FALSE,TRUE,TRUE,TRUE,TRUE,TRUE,de.dnsguard.eu
55,188.172.213.149,FALSE,TRUE,TRUE,TRUE,TRUE,TRUE,FALSE,188.172.213.149
56,210.246.144.15,FALSE,FALSE,TRUE,TRUE,TRUE,TRUE,FALSE,210.246.144.15
57,51.79.173.140,FALSE,FALSE,TRUE,TRUE,TRUE,TRUE,FALSE,dns.futa.gg
58,86.109.1.91,FALSE,FALSE,FALSE,FALSE,TRUE,TRUE,FALSE,odoh-proxy
59,47.254.160.160,FALSE,FALSE,TRUE,TRUE,TRUE,TRUE,FALSE,47.254.160.160
60,149.112.121.20,FALSE,FALSE,TRUE,TRUE,FALSE,TRUE,TRUE,protected.canadianshield.cira.ca
61,45.90.28.95,TRUE,TRUE,TRUE,TRUE,TRUE,TRUE,TRUE,dns1.nextdns.io
62,14.192.49.53,FALSE,FALSE,TRUE,FALSE,TRUE,FALSE,FALSE,14.192.49.53
63,178.18.54.141,FALSE,FALSE,TRUE,TRUE,TRUE,TRUE,TRUE,nsc.torgues.net
64,202.218.2.19,FALSE,FALSE,TRUE,TRUE,TRUE,TRUE,FALSE,h202-218-2-19.ablenetvps.ne.jp
65,31.187.64.235,FALSE,FALSE,TRUE,TRUE,TRUE,TRUE,TRUE,dev.ahadns.net
66,109.24.72.11,FALSE,FALSE,TRUE,TRUE,TRUE,TRUE,FALSE,109.24.72.11
67,37.252.239.39,TRUE,TRUE,TRUE,TRUE,TRUE,TRUE,TRUE,dns.nextdns.io
68,49.229.0.115,FALSE,FALSE,TRUE,TRUE,TRUE,TRUE,FALSE,49.229.0.115
69,47.103.18.1,FALSE,FALSE,TRUE,TRUE,TRUE,TRUE,FALSE,47.103.18.1
70,72.11.134.91,FALSE,FALSE,TRUE,TRUE,TRUE,TRUE,FALSE,72.11.134.91.static.quadranet.com
71,80.125.181.186,FALSE,FALSE,TRUE,TRUE,TRUE,TRUE,FALSE,ppr-extachatweb.sfr.fr.casepp.sfr.fr
72,121.196.195.196,FALSE,FALSE,FALSE,FALSE,FALSE,TRUE,FALSE,121.196.195.196
73,93.115.24.204,FALSE,FALSE,TRUE,TRUE,TRUE,TRUE,TRUE,dns.comss.one
74,45.90.30.52,TRUE,TRUE,TRUE,TRUE,TRUE,TRUE,TRUE,dns2.nextdns.io
75,45.90.30.120,TRUE,TRUE,TRUE,TRUE,TRUE,TRUE,TRUE,dns2.nextdns.io
76,45.131.68.245,FALSE,FALSE,TRUE,TRUE,TRUE,TRUE,FALSE,as6233.net
77,47.100.218.41,FALSE,FALSE,TRUE,TRUE,TRUE,TRUE,FALSE,47.100.218.41
78,45.90.28.211,TRUE,TRUE,TRUE,TRUE,TRUE,TRUE,TRUE,dns1.nextdns.io
79,175.24.154.191,FALSE,FALSE,FALSE,TRUE,FALSE,FALSE,FALSE,175.24.154.191
80,45.125.0.88,FALSE,FALSE,TRUE,TRUE,TRUE,TRUE,FALSE,45.125.0.88
81,45.90.28.68,TRUE,TRUE,TRUE,TRUE,TRUE,TRUE,TRUE,dns1.nextdns.io
82,45.90.29.203,TRUE,TRUE,TRUE,TRUE,TRUE,TRUE,FALSE,45.90.29.203
83,185.210.2.70,FALSE,FALSE,TRUE,TRUE,TRUE,TRUE,FALSE,185.210.2.70
84,90.145.32.35,FALSE,FALSE,TRUE,TRUE,TRUE,TRUE,FALSE,cns2-test.unet.nl
85,91.212.238.22,FALSE,FALSE,TRUE,TRUE,TRUE,TRUE,FALSE,22.238.212.91.rev.sfr.net
86,80.125.180.156,FALSE,FALSE,TRUE,TRUE,TRUE,TRUE,FALSE,cms-admin.sfr.fr.backup.casepp.sfr.fr
87,45.90.28.237,TRUE,TRUE,TRUE,TRUE,TRUE,TRUE,TRUE,dns1.nextdns.io
88,87.98.175.85,FALSE,FALSE,TRUE,TRUE,TRUE,TRUE,FALSE,87.98.175.85
89,52.48.147.197,FALSE,FALSE,FALSE,TRUE,FALSE,FALSE,FALSE,ec2-52-48-147-197.eu-west-1.compute.amazonaws.com
90,212.86.101.213,FALSE,FALSE,TRUE,FALSE,TRUE,FALSE,FALSE,dekonix.zomro.com
91,45.90.30.232,TRUE,TRUE,TRUE,TRUE,TRUE,TRUE,TRUE,dns2.nextdns.io
92,1.192.192.206,FALSE,FALSE,TRUE,TRUE,TRUE,TRUE,FALSE,1.192.192.206
93,45.77.137.133,FALSE,FALSE,TRUE,TRUE,TRUE,TRUE,FALSE,45.77.137.133.vultr.com
94,45.90.30.160,TRUE,TRUE,TRUE,TRUE,TRUE,TRUE,TRUE,dns2.nextdns.io
95,45.90.30.132,TRUE,TRUE,TRUE,TRUE,TRUE,TRUE,TRUE,dns2.nextdns.io
96,168.235.64.166,FALSE,FALSE,TRUE,FALSE,TRUE,FALSE,FALSE,168.235.64.166
97,78.47.105.4,FALSE,FALSE,TRUE,TRUE,TRUE,TRUE,FALSE,static.4.105.47.78.clients.your-server.de
98,46.101.126.246,FALSE,FALSE,TRUE,TRUE,TRUE,TRUE,FALSE,46.101.126.246
99,45.90.29.15,TRUE,TRUE,TRUE,TRUE,TRUE,TRUE,FALSE,45.90.29.15
100,75.75.77.24,FALSE,FALSE,TRUE,TRUE,TRUE,TRUE,FALSE,75.75.77.24
101,88.215.65.27,FALSE,FALSE,TRUE,TRUE,TRUE,TRUE,FALSE,88.215.65.27.dynamic.cablesurf.de
102,80.125.181.174,FALSE,FALSE,TRUE,TRUE,TRUE,TRUE,FALSE,console.ace.sfr.fr.casepp.sfr.fr
103,45.90.29.204,TRUE,TRUE,TRUE,TRUE,TRUE,TRUE,FALSE,45.90.29.204
104,130.59.31.248,FALSE,FALSE,TRUE,TRUE,TRUE,TRUE,FALSE,dns.switch.ch
105,95.216.161.62,FALSE,FALSE,TRUE,TRUE,TRUE,TRUE,TRUE,pope.cnblw.me
106,92.63.32.3,FALSE,FALSE,FALSE,TRUE,FALSE,TRUE,FALSE,dnscache-32-3.mgk.pl
107,17.253.24.85,FALSE,FALSE,TRUE,TRUE,TRUE,TRUE,FALSE,uschi5-doh-003.aaplimg.com
108,185.12.88.92,FALSE,FALSE,TRUE,TRUE,TRUE,TRUE,FALSE,185.12.88.92
109,45.90.30.239,TRUE,TRUE,TRUE,TRUE,TRUE,TRUE,TRUE,dns2.nextdns.io
110,82.148.223.195,FALSE,FALSE,TRUE,TRUE,TRUE,TRUE,FALSE,82-148-223-195.network.unet.nl
111,34.73.73.224,FALSE,FALSE,TRUE,TRUE,TRUE,TRUE,FALSE,224.73.73.34.bc.googleusercontent.com
112,185.140.250.174,TRUE,TRUE,TRUE,TRUE,TRUE,TRUE,TRUE,dns.nextdns.io
113,108.40.78.219,FALSE,FALSE,TRUE,TRUE,TRUE,TRUE,FALSE,static-108-40-78-219.bltmmd.fios.verizon.net
114,67.8.56.46,FALSE,FALSE,TRUE,TRUE,TRUE,TRUE,FALSE,67-8-56-46.res.bhn.net
115,45.90.29.13,TRUE,TRUE,TRUE,TRUE,TRUE,TRUE,FALSE,45.90.29.13
116,81.7.14.159,FALSE,FALSE,TRUE,TRUE,TRUE,TRUE,FALSE,s81-7-14-159.blue.kundencontroller.de
117,80.125.181.185,FALSE,FALSE,TRUE,TRUE,TRUE,TRUE,FALSE,ppr-achatweb.sfr.fr.casepp.sfr.fr
118,93.189.61.195,TRUE,TRUE,TRUE,TRUE,TRUE,TRUE,TRUE,dns.nextdns.io
119,158.101.195.71,FALSE,FALSE,TRUE,TRUE,TRUE,TRUE,FALSE,158.101.195.71
120,3.128.212.186,FALSE,FALSE,FALSE,FALSE,TRUE,TRUE,FALSE,ec2-3-128-212-186.us-east-2.compute.amazonaws.com
121,80.125.181.116,FALSE,FALSE,TRUE,TRUE,TRUE,TRUE,FALSE,ppr-gatewaykiosque.case.sfr.fr.casepp.sfr.fr
122,172.83.159.59,TRUE,TRUE,TRUE,TRUE,TRUE,FALSE,FALSE,172.83.159.59
123,140.238.228.220,FALSE,FALSE,TRUE,TRUE,TRUE,TRUE,FALSE,140.238.228.220
124,132.145.80.242,FALSE,FALSE,TRUE,TRUE,TRUE,TRUE,FALSE,132.145.80.242
125,45.90.29.233,TRUE,TRUE,TRUE,TRUE,TRUE,TRUE,FALSE,45.90.29.233
126,75.75.77.25,FALSE,FALSE,TRUE,TRUE,TRUE,TRUE,FALSE,75.75.77.25
127,45.90.28.152,TRUE,TRUE,TRUE,TRUE,TRUE,TRUE,TRUE,dns1.nextdns.io
128,45.90.28.181,TRUE,TRUE,TRUE,TRUE,TRUE,TRUE,TRUE,dns1.nextdns.io
129,45.90.29.79,TRUE,TRUE,TRUE,TRUE,TRUE,TRUE,FALSE,45.90.29.79
130,209.177.158.226,FALSE,FALSE,TRUE,TRUE,TRUE,TRUE,FALSE,dns1.ord.hv.nominum.cloud
131,45.90.30.92,TRUE,TRUE,TRUE,TRUE,TRUE,TRUE,TRUE,dns2.nextdns.io
132,3.208.47.162,FALSE,FALSE,FALSE,TRUE,FALSE,FALSE,FALSE,ec2-3-208-47-162.compute-1.amazonaws.com
133,8.8.4.4,FALSE,FALSE,TRUE,TRUE,TRUE,TRUE,TRUE,dnsg.northmeadowmedical.com
134,167.6.236.224,FALSE,FALSE,FALSE,FALSE,TRUE,FALSE,FALSE,167.6.236.224
135,5.188.168.252,TRUE,TRUE,TRUE,TRUE,TRUE,TRUE,TRUE,dns.nextdns.io
136,39.98.133.171,FALSE,FALSE,TRUE,TRUE,FALSE,TRUE,FALSE,39.98.133.171
137,45.90.28.160,TRUE,TRUE,TRUE,TRUE,TRUE,TRUE,TRUE,dns1.nextdns.io
138,8.208.2.64,FALSE,FALSE,TRUE,TRUE,TRUE,TRUE,FALSE,8.208.2.64
139,17.253.22.247,FALSE,FALSE,TRUE,TRUE,TRUE,TRUE,FALSE,usden5-doh-002.aaplimg.com
140,45.90.28.253,TRUE,TRUE,TRUE,TRUE,TRUE,TRUE,TRUE,dns1.nextdns.io
141,124.70.72.126,FALSE,FALSE,TRUE,TRUE,TRUE,TRUE,FALSE,ecs-124-70-72-126.compute.hwclouds-dns.com
142,45.90.30.47,TRUE,TRUE,TRUE,TRUE,TRUE,TRUE,TRUE,dns2.nextdns.io
143,204.15.75.156,FALSE,FALSE,TRUE,TRUE,TRUE,TRUE,FALSE,host156.rainr.net
144,149.129.239.2,FALSE,FALSE,TRUE,TRUE,TRUE,TRUE,FALSE,149.129.239.2
145,45.90.29.114,TRUE,TRUE,TRUE,TRUE,TRUE,TRUE,FALSE,45.90.29.114
146,51.140.100.181,FALSE,FALSE,TRUE,TRUE,TRUE,TRUE,FALSE,51.140.100.181
147,45.90.28.207,TRUE,TRUE,TRUE,TRUE,TRUE,TRUE,TRUE,dns1.nextdns.io
148,45.90.29.35,TRUE,TRUE,TRUE,TRUE,TRUE,TRUE,FALSE,45.90.29.35
149,130.89.162.82,FALSE,FALSE,TRUE,TRUE,TRUE,TRUE,TRUE,vierhoek.student.utwente.nl
150,172.65.220.168,FALSE,FALSE,TRUE,TRUE,TRUE,TRUE,FALSE,172.65.220.168
151,202.232.2.33,FALSE,FALSE,FALSE,TRUE,FALSE,TRUE,FALSE,ns03.iij4u.or.jp
152,161.97.171.39,FALSE,FALSE,FALSE,TRUE,FALSE,FALSE,TRUE,unova.kescher.at
153,23.209.73.136,FALSE,FALSE,FALSE,TRUE,FALSE,TRUE,FALSE,a23-209-73-136.deploy.static.akamaitechnologies.com
154,178.32.196.195,FALSE,FALSE,TRUE,TRUE,TRUE,TRUE,FALSE,ip195.ip-178-32-196.eu
155,54.189.234.230,FALSE,FALSE,TRUE,TRUE,TRUE,TRUE,FALSE,ec2-54-189-234-230.us-west-2.compute.amazonaws.com
156,152.67.199.120,FALSE,FALSE,TRUE,TRUE,TRUE,TRUE,FALSE,152.67.199.120
157,17.253.30.85,FALSE,FALSE,TRUE,TRUE,TRUE,TRUE,FALSE,ussea4-doh-003.aaplimg.com
158,104.225.216.146,FALSE,FALSE,TRUE,TRUE,TRUE,TRUE,FALSE,104.225.216.146
159,80.125.180.155,FALSE,FALSE,TRUE,TRUE,TRUE,TRUE,FALSE,cms.sfr.fr.backup.casepp.sfr.fr
160,195.228.221.132,FALSE,FALSE,FALSE,TRUE,FALSE,FALSE,FALSE,195.228.221.132
161,185.247.117.121,FALSE,FALSE,TRUE,TRUE,TRUE,TRUE,FALSE,185.247.117.121
162,149.112.122.30,FALSE,FALSE,TRUE,TRUE,FALSE,TRUE,TRUE,family.canadianshield.cira.ca
163,168.138.250.131,FALSE,FALSE,TRUE,TRUE,TRUE,TRUE,FALSE,168.138.250.131
164,45.90.30.31,TRUE,TRUE,TRUE,TRUE,TRUE,TRUE,TRUE,dns2.nextdns.io
165,199.38.182.187,FALSE,FALSE,TRUE,TRUE,TRUE,FALSE,FALSE,dns1-chi.securd.com
166,210.130.0.70,FALSE,FALSE,FALSE,TRUE,FALSE,TRUE,FALSE,ns70.iij.ad.jp
167,45.90.28.222,TRUE,TRUE,TRUE,TRUE,TRUE,TRUE,TRUE,dns1.nextdns.io
168,17.253.124.119,FALSE,FALSE,TRUE,FALSE,TRUE,TRUE,FALSE,usbos3-doh-001.aaplimg.com
169,45.90.30.158,TRUE,TRUE,TRUE,TRUE,TRUE,TRUE,TRUE,dns2.nextdns.io
170,45.90.28.14,TRUE,TRUE,TRUE,TRUE,TRUE,TRUE,TRUE,dns1.nextdns.io
171,81.7.14.52,FALSE,FALSE,TRUE,TRUE,TRUE,TRUE,FALSE,s81-7-14-52.blue.kundencontroller.de
172,116.12.51.216,FALSE,FALSE,TRUE,TRUE,TRUE,TRUE,TRUE,116.12.51.216
173,18.210.8.52,FALSE,FALSE,FALSE,TRUE,FALSE,TRUE,FALSE,ec2-18-210-8-52.compute-1.amazonaws.com
174,80.124.140.239,FALSE,FALSE,TRUE,TRUE,TRUE,TRUE,FALSE,ezy.sfr.fr.casepp.sfr.fr
175,44.233.140.212,FALSE,FALSE,FALSE,FALSE,TRUE,FALSE,FALSE,ec2-44-233-140-212.us-west-2.compute.amazonaws.com
176,80.124.140.166,FALSE,FALSE,TRUE,TRUE,TRUE,TRUE,FALSE,boutiques.sfr.fr.casepp.sfr.fr
177,91.212.238.14,FALSE,FALSE,TRUE,TRUE,TRUE,TRUE,FALSE,14.238.212.91.rev.sfr.net
178,155.138.142.93,TRUE,FALSE,TRUE,FALSE,TRUE,FALSE,FALSE,155.138.142.93.vultr.com
179,217.146.31.87,TRUE,TRUE,TRUE,TRUE,TRUE,TRUE,TRUE,dns.nextdns.io
180,109.24.70.11,FALSE,FALSE,TRUE,TRUE,TRUE,TRUE,FALSE,box.sfr.fr.casepp.sfr.fr
181,217.0.43.66,FALSE,FALSE,TRUE,TRUE,TRUE,TRUE,FALSE,b-nxr-a02.isp.t-ipnet.de
182,45.90.30.198,TRUE,TRUE,TRUE,TRUE,TRUE,TRUE,TRUE,dns2.nextdns.io
183,80.254.79.157,FALSE,FALSE,TRUE,TRUE,TRUE,TRUE,TRUE,zrh1-ns01.monzoon.net
184,193.17.47.1,FALSE,FALSE,FALSE,TRUE,FALSE,TRUE,TRUE,odvr.nic.cz
185,194.191.40.98,FALSE,FALSE,TRUE,TRUE,TRUE,TRUE,FALSE,194.191.40.98
186,185.244.195.159,FALSE,FALSE,TRUE,FALSE,TRUE,FALSE,TRUE,mail.masters-of-cloud.de
187,45.90.30.253,TRUE,TRUE,TRUE,TRUE,TRUE,TRUE,TRUE,dns2.nextdns.io
188,84.21.7.14,FALSE,FALSE,TRUE,TRUE,TRUE,TRUE,TRUE,dns.alexc.hu
189,45.90.30.157,TRUE,TRUE,TRUE,TRUE,TRUE,TRUE,TRUE,dns2.nextdns.io
190,210.138.123.111,FALSE,FALSE,FALSE,TRUE,FALSE,TRUE,FALSE,pub-fsr1611.cns.2iij.net
191,210.130.1.3,FALSE,FALSE,FALSE,TRUE,FALSE,TRUE,FALSE,ns15.iij.ad.jp
192,75.75.77.6,FALSE,FALSE,TRUE,TRUE,TRUE,TRUE,FALSE,75.75.77.6
193,52.44.142.142,FALSE,FALSE,FALSE,FALSE,TRUE,FALSE,FALSE,ec2-52-44-142-142.compute-1.amazonaws.com
194,96.17.108.202,FALSE,FALSE,FALSE,TRUE,FALSE,TRUE,FALSE,a96-17-108-202.deploy.static.akamaitechnologies.com
195,199.38.182.12,FALSE,FALSE,TRUE,TRUE,TRUE,TRUE,FALSE,dns3.ord.hv.nominum.cloud
196,66.42.70.192,FALSE,FALSE,TRUE,TRUE,TRUE,TRUE,TRUE,bcfv.org
197,45.90.30.222,TRUE,TRUE,TRUE,TRUE,TRUE,TRUE,TRUE,dns2.nextdns.io
198,45.90.28.148,TRUE,TRUE,TRUE,TRUE,TRUE,TRUE,TRUE,dns1.nextdns.io
199,209.208.110.56,TRUE,TRUE,TRUE,TRUE,TRUE,TRUE,TRUE,dns.nextdns.io
200,49.229.0.46,FALSE,FALSE,TRUE,TRUE,TRUE,TRUE,FALSE,49.229.0.46
201,196.20.72.29,FALSE,FALSE,TRUE,TRUE,TRUE,TRUE,FALSE,196.20.72.29
202,131.100.2.149,TRUE,TRUE,TRUE,TRUE,TRUE,TRUE,FALSE,131.100.2.149
203,217.31.204.205,FALSE,FALSE,FALSE,TRUE,FALSE,TRUE,FALSE,odvr-b-99.nic.cz
204,45.90.29.106,TRUE,TRUE,TRUE,TRUE,TRUE,TRUE,FALSE,45.90.29.106
205,109.24.70.70,FALSE,FALSE,TRUE,TRUE,TRUE,TRUE,FALSE,asc-admin.sfr.fr.casepp.sfr.fr
206,80.125.180.165,FALSE,FALSE,TRUE,TRUE,TRUE,TRUE,FALSE,gsa-admin.sfr.fr.backup.casepp.sfr.fr
207,199.38.181.200,FALSE,FALSE,TRUE,TRUE,TRUE,TRUE,FALSE,dns1-lga.securd.com
208,128.199.94.194,FALSE,FALSE,TRUE,TRUE,TRUE,TRUE,TRUE,dns.slinkyman.net
209,45.90.30.190,TRUE,TRUE,TRUE,TRUE,TRUE,TRUE,TRUE,dns2.nextdns.io
210,35.229.156.160,FALSE,FALSE,TRUE,TRUE,TRUE,TRUE,FALSE,160.156.229.35.bc.googleusercontent.com
211,45.90.30.96,TRUE,TRUE,TRUE,TRUE,TRUE,TRUE,TRUE,dns2.nextdns.io
212,185.210.2.71,FALSE,FALSE,TRUE,TRUE,TRUE,TRUE,FALSE,185.210.2.71
213,91.230.211.67,FALSE,FALSE,TRUE,TRUE,TRUE,TRUE,TRUE,dns.east.comss.one
214,67.230.177.135,FALSE,FALSE,TRUE,FALSE,TRUE,FALSE,FALSE,67.230.177.135.16clouds.com
215,203.204.102.17,FALSE,FALSE,TRUE,TRUE,TRUE,TRUE,FALSE,host-203-204-102-17.static.kbtelecom.net
216,45.90.28.126,TRUE,TRUE,TRUE,TRUE,TRUE,TRUE,TRUE,dns1.nextdns.io
217,217.146.107.8,FALSE,FALSE,FALSE,TRUE,FALSE,TRUE,FALSE,dns-a.wizint.net
218,91.239.96.21,FALSE,FALSE,TRUE,TRUE,TRUE,FALSE,FALSE,recursive2.go6lab.si
219,116.204.183.61,TRUE,TRUE,TRUE,TRUE,TRUE,TRUE,FALSE,116-204-183-61.static.bangmod-idc.com
220,36.99.170.86,FALSE,FALSE,TRUE,TRUE,TRUE,TRUE,TRUE,36.99.170.86
221,45.32.47.13,FALSE,FALSE,TRUE,TRUE,TRUE,TRUE,FALSE,45.32.47.13.vultr.com
222,34.66.70.56,FALSE,FALSE,TRUE,TRUE,TRUE,TRUE,FALSE,56.70.66.34.bc.googleusercontent.com
223,45.90.30.146,TRUE,TRUE,TRUE,TRUE,TRUE,TRUE,TRUE,dns2.nextdns.io
224,52.42.217.166,FALSE,FALSE,TRUE,TRUE,TRUE,FALSE,FALSE,dnsproxy.safebr.mcafee.com
225,81.7.14.215,FALSE,FALSE,TRUE,TRUE,TRUE,TRUE,FALSE,s81-7-14-215.blue.kundencontroller.de
226,80.125.181.123,FALSE,FALSE,TRUE,TRUE,TRUE,TRUE,FALSE,www.sfr.fr.backup.casepp.sfr.fr
227,54.72.41.135,FALSE,FALSE,FALSE,TRUE,FALSE,FALSE,FALSE,ec2-54-72-41-135.eu-west-1.compute.amazonaws.com
228,70.113.111.13,FALSE,FALSE,TRUE,FALSE,TRUE,FALSE,FALSE,cpe-70-113-111-13.austin.res.rr.com
229,23.100.95.102,FALSE,FALSE,TRUE,TRUE,TRUE,TRUE,FALSE,23.100.95.102
230,101.101.101.101,FALSE,FALSE,TRUE,TRUE,TRUE,TRUE,FALSE,dns.xin1397.com
231,180.163.249.75,FALSE,FALSE,TRUE,TRUE,TRUE,TRUE,TRUE,180.163.249.75
232,45.90.28.115,TRUE,TRUE,TRUE,TRUE,TRUE,TRUE,TRUE,dns1.nextdns.io
233,45.90.29.248,TRUE,TRUE,TRUE,TRUE,TRUE,TRUE,FALSE,45.90.29.248
234,78.142.193.36,TRUE,TRUE,TRUE,TRUE,TRUE,TRUE,TRUE,dns.nextdns.io
235,45.90.28.8,TRUE,TRUE,TRUE,TRUE,TRUE,TRUE,TRUE,dns1.nextdns.io
236,217.66.37.27,FALSE,FALSE,TRUE,TRUE,TRUE,TRUE,FALSE,217.66.37.27
237,82.118.227.235,FALSE,FALSE,TRUE,TRUE,TRUE,TRUE,FALSE,82.118.227.235
238,184.31.0.235,FALSE,FALSE,FALSE,TRUE,FALSE,TRUE,FALSE,a184-31-0-235.deploy.static.akamaitechnologies.com
239,128.139.197.53,FALSE,FALSE,TRUE,FALSE,TRUE,FALSE,FALSE,spdns.iucc.ac.il
240,173.212.232.112,FALSE,FALSE,TRUE,TRUE,TRUE,TRUE,FALSE,vmi443571.contaboserver.net
241,205.147.105.156,FALSE,FALSE,FALSE,TRUE,TRUE,TRUE,FALSE,dns1-hkg.securd.com
242,45.90.28.235,TRUE,TRUE,TRUE,TRUE,TRUE,TRUE,TRUE,dns1.nextdns.io
243,173.199.126.35,FALSE,FALSE,TRUE,TRUE,TRUE,TRUE,TRUE,hydra.plan9-ns1.com
244,149.112.149.112,FALSE,FALSE,TRUE,TRUE,TRUE,TRUE,FALSE,rpz-public-resolver2.rrdns.pch.net
245,194.62.167.148,TRUE,TRUE,TRUE,TRUE,TRUE,TRUE,TRUE,dns.nextdns.io
246,149.112.112.13,FALSE,FALSE,TRUE,TRUE,TRUE,TRUE,TRUE,149.112.112.13
247,216.119.155.49,FALSE,FALSE,TRUE,TRUE,TRUE,TRUE,FALSE,m49.topneem.com
248,80.125.181.71,FALSE,FALSE,TRUE,TRUE,TRUE,TRUE,FALSE,radiusims.services.sfr.fr.casepp.sfr.fr
249,80.251.225.218,FALSE,FALSE,TRUE,TRUE,TRUE,TRUE,FALSE,80.251.225.218.teleru.net
250,5.39.88.20,FALSE,FALSE,TRUE,TRUE,TRUE,TRUE,TRUE,yarp.lefolgoc.net
251,47.103.166.51,FALSE,FALSE,TRUE,TRUE,TRUE,TRUE,FALSE,47.103.166.51
252,45.90.28.149,TRUE,TRUE,TRUE,TRUE,TRUE,TRUE,TRUE,dns1.nextdns.io
253,140.82.59.231,FALSE,FALSE,TRUE,TRUE,TRUE,TRUE,FALSE,nl-ams01.dns.moulticast.net
254,82.165.97.135,FALSE,FALSE,TRUE,FALSE,FALSE,FALSE,FALSE,smtp.mousepanic.de
255,45.90.28.141,TRUE,TRUE,TRUE,TRUE,TRUE,TRUE,TRUE,dns1.nextdns.io
256,217.173.235.78,FALSE,FALSE,TRUE,TRUE,TRUE,TRUE,FALSE,sn22.isp.telecom.li
257,193.190.198.16,FALSE,FALSE,TRUE,TRUE,TRUE,TRUE,FALSE,dns-doh-1.belnet.be
258,80.125.180.65,FALSE,FALSE,TRUE,TRUE,TRUE,TRUE,FALSE,ppr-sids.sdp.sfr.fr.casepp.sfr.fr
259,213.61.254.39,FALSE,FALSE,TRUE,TRUE,TRUE,TRUE,FALSE,213.61.254.39
260,202.232.2.32,FALSE,FALSE,FALSE,FALSE,FALSE,TRUE,FALSE,ns02.iij4u.or.jp
261,139.199.33.37,FALSE,FALSE,FALSE,TRUE,FALSE,TRUE,FALSE,139.199.33.37
262,80.125.161.172,FALSE,FALSE,TRUE,TRUE,TRUE,TRUE,FALSE,www.sfr.fr.casepp.sfr.fr
263,80.125.180.95,FALSE,FALSE,TRUE,TRUE,TRUE,TRUE,FALSE,extctcweb.sfr.fr.casepp.sfr.fr
264,114.34.116.139,FALSE,FALSE,TRUE,TRUE,TRUE,TRUE,FALSE,114-34-116-139.hinet-ip.hinet.net
265,52.43.41.34,FALSE,FALSE,TRUE,TRUE,TRUE,TRUE,FALSE,ec2-52-43-41-34.us-west-2.compute.amazonaws.com
266,88.98.88.158,FALSE,FALSE,TRUE,FALSE,TRUE,FALSE,FALSE,xc.dnsseed.bluematt.me
267,149.154.157.148,TRUE,TRUE,TRUE,TRUE,TRUE,TRUE,FALSE,148.157.154.149.in-addr.arpa
268,45.90.28.66,TRUE,TRUE,TRUE,TRUE,TRUE,TRUE,TRUE,dns1.nextdns.io
269,80.125.161.67,FALSE,FALSE,TRUE,TRUE,TRUE,TRUE,FALSE,www.sfrentreprises.fr.casepp.sfr.fr
270,45.90.29.177,TRUE,TRUE,TRUE,TRUE,TRUE,TRUE,FALSE,45.90.29.177
271,45.90.28.172,TRUE,TRUE,TRUE,TRUE,TRUE,TRUE,TRUE,dns1.nextdns.io
272,107.172.90.160,FALSE,FALSE,TRUE,FALSE,TRUE,FALSE,FALSE,107-172-90-160-host.colocrossing.com
273,17.253.12.247,FALSE,FALSE,TRUE,TRUE,TRUE,TRUE,FALSE,usmia1-doh-002.aaplimg.com
274,138.201.246.200,FALSE,FALSE,TRUE,TRUE,TRUE,TRUE,TRUE,vr2.tort.icu
275,45.90.29.181,TRUE,TRUE,TRUE,TRUE,TRUE,TRUE,FALSE,45.90.29.181
276,3.7.176.123,FALSE,FALSE,TRUE,TRUE,TRUE,TRUE,FALSE,ec2-3-7-176-123.ap-south-1.compute.amazonaws.com
277,192.73.240.126,FALSE,FALSE,TRUE,TRUE,TRUE,TRUE,FALSE,dns2-sea.securd.com
278,54.155.209.93,FALSE,FALSE,FALSE,TRUE,FALSE,FALSE,FALSE,ec2-54-155-209-93.eu-west-1.compute.amazonaws.com
279,140.238.3.36,FALSE,FALSE,TRUE,TRUE,TRUE,TRUE,FALSE,140.238.3.36
280,161.210.250.8,FALSE,FALSE,TRUE,TRUE,TRUE,TRUE,FALSE,161.210.250.8
281,45.90.28.24,TRUE,TRUE,TRUE,TRUE,TRUE,TRUE,TRUE,dns1.nextdns.io
282,45.90.29.245,TRUE,TRUE,TRUE,TRUE,TRUE,TRUE,FALSE,45.90.29.245
283,203.180.146.24,FALSE,FALSE,FALSE,TRUE,FALSE,FALSE,FALSE,per-pure220.cns.2iij.net
284,45.90.30.5,TRUE,TRUE,TRUE,TRUE,TRUE,TRUE,TRUE,dns2.nextdns.io
285,185.43.135.1,FALSE,FALSE,FALSE,TRUE,FALSE,TRUE,TRUE,odvr.nic.cz
286,116.63.136.113,FALSE,FALSE,TRUE,TRUE,TRUE,TRUE,FALSE,ecs-116-63-136-113.compute.hwclouds-dns.com
287,45.90.29.131,TRUE,TRUE,TRUE,TRUE,TRUE,TRUE,FALSE,45.90.29.131
288,80.125.180.125,FALSE,FALSE,TRUE,TRUE,TRUE,TRUE,FALSE,ppr-extctcweb.sfr.fr.casepp.sfr.fr
289,17.253.26.85,FALSE,FALSE,TRUE,TRUE,TRUE,TRUE,FALSE,uslax1-doh-003.aaplimg.com
290,45.90.28.214,TRUE,TRUE,TRUE,TRUE,TRUE,TRUE,TRUE,dns1.nextdns.io
291,45.90.30.166,TRUE,TRUE,TRUE,TRUE,TRUE,TRUE,TRUE,dns2.nextdns.io
292,45.90.29.193,TRUE,TRUE,TRUE,TRUE,TRUE,TRUE,FALSE,45.90.29.193
293,45.90.29.209,TRUE,TRUE,TRUE,TRUE,TRUE,TRUE,FALSE,45.90.29.209
294,63.116.30.36,FALSE,FALSE,TRUE,TRUE,TRUE,TRUE,FALSE,63.116.30.36
295,45.90.29.90,TRUE,TRUE,TRUE,TRUE,TRUE,TRUE,FALSE,45.90.29.90
296,95.216.74.67,FALSE,FALSE,TRUE,TRUE,TRUE,TRUE,TRUE,bdns.aeins.at
297,45.90.29.67,TRUE,TRUE,TRUE,TRUE,TRUE,TRUE,FALSE,45.90.29.67
298,45.90.28.52,TRUE,TRUE,TRUE,TRUE,TRUE,TRUE,TRUE,dns1.nextdns.io
299,109.2.202.236,FALSE,FALSE,TRUE,TRUE,TRUE,TRUE,FALSE,236.202.2.109.rev.sfr.net
300,3.232.78.158,FALSE,FALSE,TRUE,TRUE,TRUE,TRUE,FALSE,ec2-3-232-78-158.compute-1.amazonaws.com
301,194.191.40.100,FALSE,FALSE,TRUE,TRUE,TRUE,TRUE,FALSE,srv2.wall.invalid
302,45.90.28.201,TRUE,TRUE,TRUE,TRUE,TRUE,TRUE,TRUE,dns1.nextdns.io
303,45.90.28.2,TRUE,TRUE,TRUE,TRUE,TRUE,TRUE,TRUE,dns1.nextdns.io
304,82.165.247.205,FALSE,FALSE,TRUE,TRUE,TRUE,TRUE,FALSE,ns2.x0w.de
305,87.106.168.61,FALSE,FALSE,TRUE,TRUE,TRUE,TRUE,FALSE,87.106.168.61
306,45.90.28.75,TRUE,TRUE,TRUE,TRUE,TRUE,TRUE,TRUE,dns1.nextdns.io
307,45.90.29.179,TRUE,TRUE,TRUE,TRUE,TRUE,TRUE,FALSE,45.90.29.179
308,80.125.161.108,FALSE,FALSE,TRUE,TRUE,TRUE,TRUE,FALSE,case.tonalites.sfr.fr.casepp.sfr.fr
309,45.90.30.99,TRUE,TRUE,TRUE,TRUE,TRUE,TRUE,TRUE,dns2.nextdns.io
310,45.90.29.132,TRUE,TRUE,TRUE,TRUE,TRUE,TRUE,FALSE,45.90.29.132
311,45.90.28.223,TRUE,TRUE,TRUE,TRUE,TRUE,TRUE,TRUE,dns1.nextdns.io
312,17.253.66.247,FALSE,FALSE,TRUE,TRUE,TRUE,TRUE,FALSE,ausyd2-doh-002.aaplimg.com
313,45.90.28.82,TRUE,TRUE,TRUE,TRUE,TRUE,TRUE,TRUE,dns1.nextdns.io
314,121.199.79.161,FALSE,FALSE,TRUE,TRUE,TRUE,TRUE,FALSE,121.199.79.161
315,111.206.170.220,FALSE,FALSE,TRUE,TRUE,TRUE,TRUE,TRUE,111.206.170.220
316,45.90.29.251,TRUE,TRUE,TRUE,TRUE,TRUE,TRUE,FALSE,45.90.29.251
317,47.108.0.45,FALSE,FALSE,TRUE,TRUE,TRUE,TRUE,FALSE,47.108.0.45
318,192.73.244.179,FALSE,FALSE,TRUE,TRUE,TRUE,TRUE,FALSE,dns1-lax.securd.com
319,80.125.161.105,FALSE,FALSE,TRUE,TRUE,TRUE,TRUE,FALSE,mestonas.services.sfr.fr.casepp.sfr.fr
320,165.22.46.136,FALSE,FALSE,TRUE,FALSE,TRUE,FALSE,TRUE,cloudyfalcon.com
321,45.90.30.84,TRUE,TRUE,TRUE,TRUE,TRUE,TRUE,TRUE,dns2.nextdns.io
322,45.151.175.112,FALSE,FALSE,TRUE,FALSE,TRUE,FALSE,FALSE,45.151.175.112
323,45.90.30.161,TRUE,TRUE,TRUE,TRUE,TRUE,TRUE,TRUE,dns2.nextdns.io
324,37.252.247.133,TRUE,TRUE,TRUE,TRUE,TRUE,TRUE,TRUE,dns.nextdns.io
325,45.90.28.206,TRUE,TRUE,TRUE,TRUE,TRUE,TRUE,TRUE,dns1.nextdns.io
326,194.204.251.11,FALSE,FALSE,TRUE,TRUE,TRUE,TRUE,FALSE,ll194-11-251-204-194.ll194.iam.net.ma
327,45.90.28.150,TRUE,TRUE,TRUE,TRUE,TRUE,TRUE,TRUE,dns1.nextdns.io
328,24.134.187.45,FALSE,FALSE,TRUE,TRUE,TRUE,TRUE,TRUE,void-gate.irre.li
329,45.90.29.116,TRUE,TRUE,TRUE,TRUE,TRUE,TRUE,FALSE,45.90.29.116
330,140.82.45.97,TRUE,FALSE,TRUE,FALSE,TRUE,FALSE,FALSE,140.82.45.97.vultr.com
331,45.90.28.167,TRUE,TRUE,TRUE,TRUE,TRUE,TRUE,TRUE,dns1.nextdns.io
332,106.11.37.109,FALSE,FALSE,TRUE,TRUE,TRUE,TRUE,FALSE,cache2.alidns.com
333,80.251.195.73,FALSE,FALSE,FALSE,TRUE,FALSE,TRUE,FALSE,80.251.195.73.nat64.tre.se
334,80.125.161.177,FALSE,FALSE,TRUE,TRUE,TRUE,TRUE,FALSE,cms-admin.sfr.fr.casepp.sfr.fr
335,217.160.25.182,FALSE,FALSE,TRUE,TRUE,TRUE,TRUE,FALSE,217.160.25.182
336,149.112.112.10,FALSE,FALSE,TRUE,TRUE,TRUE,TRUE,TRUE,dns10.quad9.net
337,45.90.29.118,TRUE,TRUE,TRUE,TRUE,TRUE,TRUE,FALSE,45.90.29.118
338,37.139.26.4,FALSE,FALSE,TRUE,FALSE,TRUE,FALSE,FALSE,37.139.26.4
339,45.90.29.123,TRUE,TRUE,TRUE,TRUE,TRUE,TRUE,FALSE,45.90.29.123
340,185.253.154.66,FALSE,FALSE,TRUE,TRUE,TRUE,TRUE,TRUE,alekberg.net
341,185.40.106.78,TRUE,TRUE,TRUE,TRUE,TRUE,TRUE,TRUE,dns.nextdns.io
342,45.90.28.90,TRUE,TRUE,TRUE,TRUE,TRUE,TRUE,TRUE,dns1.nextdns.io
343,180.163.223.236,FALSE,FALSE,TRUE,TRUE,TRUE,TRUE,FALSE,180.163.223.236
344,3.224.109.152,FALSE,FALSE,FALSE,FALSE,TRUE,TRUE,FALSE,ec2-3-224-109-152.compute-1.amazonaws.com
345,45.131.68.246,FALSE,FALSE,TRUE,TRUE,TRUE,TRUE,FALSE,as6233.net
346,210.138.123.75,FALSE,FALSE,FALSE,TRUE,FALSE,TRUE,FALSE,cor-secure160.cns.2iij.net
347,45.90.28.88,TRUE,TRUE,TRUE,TRUE,TRUE,TRUE,TRUE,dns1.nextdns.io
348,17.253.124.247,FALSE,FALSE,TRUE,TRUE,TRUE,TRUE,FALSE,usbos3-doh-002.aaplimg.com
349,35.229.69.83,FALSE,FALSE,TRUE,TRUE,TRUE,TRUE,FALSE,83.69.229.35.bc.googleusercontent.com
350,119.28.59.205,FALSE,FALSE,TRUE,TRUE,TRUE,TRUE,FALSE,119.28.59.205
351,37.235.49.73,TRUE,TRUE,TRUE,TRUE,TRUE,TRUE,TRUE,dns.nextdns.io
352,45.90.30.107,TRUE,TRUE,TRUE,TRUE,TRUE,TRUE,TRUE,dns2.nextdns.io
353,207.154.225.150,FALSE,FALSE,TRUE,TRUE,TRUE,TRUE,FALSE,207.154.225.150
354,45.90.28.64,TRUE,TRUE,TRUE,TRUE,TRUE,TRUE,TRUE,dns1.nextdns.io
355,193.106.119.10,FALSE,FALSE,TRUE,FALSE,TRUE,FALSE,FALSE,laureline.eu.org
356,185.185.69.93,FALSE,FALSE,FALSE,TRUE,FALSE,TRUE,FALSE,185.185.69.93
357,45.90.28.118,TRUE,TRUE,TRUE,TRUE,TRUE,TRUE,TRUE,dns1.nextdns.io
358,193.180.80.10,FALSE,FALSE,TRUE,TRUE,TRUE,TRUE,FALSE,193.180.80.10
359,94.16.114.254,FALSE,FALSE,TRUE,FALSE,TRUE,FALSE,TRUE,mail.jabber-germany.de
360,116.203.131.110,FALSE,FALSE,TRUE,TRUE,TRUE,TRUE,FALSE,static.110.131.203.116.clients.your-server.de
361,45.90.29.212,TRUE,TRUE,TRUE,TRUE,TRUE,TRUE,FALSE,45.90.29.212
362,17.253.82.213,FALSE,FALSE,TRUE,TRUE,TRUE,TRUE,FALSE,sgsin3-doh-004.aaplimg.com
363,23.94.120.177,FALSE,FALSE,TRUE,TRUE,TRUE,TRUE,FALSE,23-94-120-177-host.colocrossing.com
364,20.42.80.49,FALSE,FALSE,TRUE,TRUE,TRUE,TRUE,FALSE,20.42.80.49
365,45.90.29.229,TRUE,TRUE,TRUE,TRUE,TRUE,TRUE,FALSE,45.90.29.229
366,45.90.30.57,TRUE,TRUE,TRUE,TRUE,TRUE,TRUE,TRUE,dns2.nextdns.io
367,107.182.22.203,FALSE,FALSE,TRUE,TRUE,TRUE,TRUE,FALSE,107.182.22.203.16clouds.com
368,134.102.20.26,FALSE,FALSE,TRUE,TRUE,TRUE,TRUE,FALSE,dns-2.zfn.uni-bremen.de
369,200.25.57.69,TRUE,TRUE,TRUE,TRUE,TRUE,TRUE,TRUE,dns.nextdns.io
370,173.243.64.102,FALSE,FALSE,TRUE,TRUE,TRUE,TRUE,TRUE,clientdns3.softcom.net
371,185.233.104.206,FALSE,FALSE,TRUE,TRUE,TRUE,TRUE,FALSE,nc.cachescruber.org
372,45.90.28.5,TRUE,TRUE,TRUE,TRUE,TRUE,FALSE,TRUE,dns1.nextdns.io
373,106.14.221.10,FALSE,FALSE,TRUE,TRUE,TRUE,TRUE,FALSE,106.14.221.10
374,151.181.237.20,FALSE,FALSE,TRUE,TRUE,TRUE,TRUE,FALSE,151.181.237.20
375,80.125.181.124,FALSE,FALSE,TRUE,TRUE,TRUE,TRUE,FALSE,*.s-sfr.fr.backup.casepp.sfr.fr
376,45.90.29.120,TRUE,TRUE,TRUE,TRUE,TRUE,TRUE,FALSE,45.90.29.120
377,45.90.28.236,TRUE,TRUE,TRUE,TRUE,TRUE,TRUE,TRUE,dns1.nextdns.io
378,45.90.30.162,TRUE,TRUE,TRUE,TRUE,TRUE,TRUE,TRUE,dns2.nextdns.io
379,104.225.8.147,FALSE,FALSE,TRUE,TRUE,TRUE,TRUE,FALSE,dns2.iad3.hv.nominum.cloud
380,45.90.28.230,TRUE,TRUE,TRUE,TRUE,TRUE,TRUE,TRUE,dns1.nextdns.io
381,52.55.49.18,FALSE,FALSE,TRUE,FALSE,TRUE,TRUE,FALSE,pool-nvi-dns.bitdefender.net
382,213.61.254.44,FALSE,FALSE,TRUE,TRUE,TRUE,TRUE,FALSE,213.61.254.44
383,75.75.77.5,FALSE,FALSE,TRUE,TRUE,TRUE,TRUE,FALSE,75.75.77.5
384,210.128.97.74,FALSE,FALSE,FALSE,TRUE,FALSE,FALSE,FALSE,cor-pure010.cns.2iij.net
385,109.24.72.14,FALSE,FALSE,TRUE,TRUE,TRUE,TRUE,FALSE,test-int-admin-ctc.funinfo.sfr.fr.casepp.sfr.fr
386,80.124.140.240,FALSE,FALSE,TRUE,TRUE,TRUE,TRUE,FALSE,80.124.140.240
387,193.190.182.53,FALSE,FALSE,TRUE,TRUE,TRUE,TRUE,FALSE,dns-doh-2.belnet.be
388,101.32.30.247,FALSE,FALSE,TRUE,TRUE,TRUE,TRUE,FALSE,101.32.30.247
389,157.245.36.211,FALSE,FALSE,TRUE,TRUE,TRUE,TRUE,FALSE,157.245.36.211
390,144.172.119.31,FALSE,FALSE,TRUE,TRUE,TRUE,TRUE,FALSE,144.172.119.31
391,45.90.30.83,TRUE,TRUE,TRUE,TRUE,TRUE,TRUE,TRUE,dns2.nextdns.io
392,140.238.215.120,FALSE,FALSE,TRUE,TRUE,TRUE,TRUE,FALSE,140.238.215.120
393,223.5.5.109,FALSE,FALSE,TRUE,TRUE,TRUE,TRUE,FALSE,cache2.alidns.com
394,210.138.123.79,FALSE,FALSE,FALSE,TRUE,FALSE,FALSE,FALSE,pub-fsr1601.cns.2iij.net
395,176.58.90.11,FALSE,FALSE,TRUE,TRUE,TRUE,TRUE,FALSE,dns2-cdg.securd.com
396,80.124.140.207,FALSE,FALSE,TRUE,TRUE,TRUE,TRUE,FALSE,3g.sfr.fr.casepp.sfr.fr
397,80.124.140.131,FALSE,FALSE,TRUE,TRUE,TRUE,TRUE,FALSE,cms-hotspot.sfr.fr.casepp.sfr.fr
398,210.128.97.78,FALSE,FALSE,FALSE,FALSE,FALSE,TRUE,FALSE,cor-secure011.cns.2iij.net
399,136.244.79.94,FALSE,FALSE,FALSE,TRUE,FALSE,TRUE,FALSE,lon.ns.junesta.net
400,45.90.28.91,TRUE,TRUE,TRUE,TRUE,TRUE,TRUE,TRUE,dns1.nextdns.io
401,188.34.186.98,FALSE,FALSE,TRUE,TRUE,FALSE,FALSE,FALSE,static.98.186.34.188.clients.your-server.de
402,45.90.30.215,TRUE,TRUE,TRUE,TRUE,TRUE,TRUE,TRUE,dns2.nextdns.io
403,210.130.0.51,FALSE,FALSE,FALSE,FALSE,FALSE,TRUE,FALSE,ns51.iij.ad.jp
404,45.90.28.70,TRUE,TRUE,TRUE,TRUE,TRUE,TRUE,TRUE,dns1.nextdns.io
405,37.120.149.148,TRUE,TRUE,TRUE,TRUE,TRUE,TRUE,TRUE,dns.nextdns.io
406,45.132.75.16,FALSE,FALSE,TRUE,TRUE,TRUE,TRUE,TRUE,pl.ahadns.net
407,45.90.28.45,TRUE,TRUE,TRUE,TRUE,TRUE,TRUE,TRUE,dns1.nextdns.io
408,45.90.28.134,TRUE,TRUE,TRUE,TRUE,TRUE,TRUE,TRUE,dns1.nextdns.io
409,3.9.78.39,FALSE,FALSE,TRUE,TRUE,TRUE,TRUE,FALSE,dotdns.cryptroute.com
410,17.253.56.85,FALSE,FALSE,TRUE,TRUE,TRUE,TRUE,FALSE,doh.dns.apple.com.v.aaplimg.com
411,185.244.27.53,TRUE,TRUE,TRUE,TRUE,TRUE,TRUE,FALSE,185.244.27.53
412,52.17.180.181,FALSE,FALSE,FALSE,TRUE,FALSE,FALSE,FALSE,ec2-52-17-180-181.eu-west-1.compute.amazonaws.com
413,109.24.70.47,FALSE,FALSE,TRUE,TRUE,TRUE,TRUE,FALSE,asc-ws.sfr.fr.casepp.sfr.fr
414,203.180.146.12,FALSE,FALSE,FALSE,TRUE,FALSE,TRUE,FALSE,cor-secure22.cns.2iij.net
415,195.238.187.150,FALSE,FALSE,TRUE,TRUE,TRUE,TRUE,FALSE,rev-195-238-187.atman.pl
416,54.169.113.231,FALSE,FALSE,TRUE,TRUE,TRUE,TRUE,FALSE,ec2-54-169-113-231.ap-southeast-1.compute.amazonaws.com
417,168.119.160.80,FALSE,FALSE,TRUE,TRUE,TRUE,TRUE,FALSE,static.80.160.119.168.clients.your-server.de
418,141.84.69.2,FALSE,FALSE,TRUE,TRUE,TRUE,TRUE,TRUE,esel.stusta.mhn.de
419,45.90.28.203,TRUE,TRUE,TRUE,TRUE,TRUE,TRUE,TRUE,dns1.nextdns.io
420,45.90.29.234,TRUE,TRUE,TRUE,TRUE,TRUE,TRUE,FALSE,45.90.29.234
421,47.108.0.58,FALSE,FALSE,TRUE,TRUE,TRUE,TRUE,FALSE,47.108.0.58
422,193.170.194.22,FALSE,FALSE,TRUE,TRUE,TRUE,TRUE,TRUE,ns0.servus.at
423,45.90.30.238,TRUE,TRUE,TRUE,TRUE,TRUE,TRUE,TRUE,dns2.nextdns.io
424,216.230.232.29,TRUE,TRUE,TRUE,TRUE,TRUE,TRUE,TRUE,dns.nextdns.io
425,213.139.211.36,FALSE,FALSE,TRUE,TRUE,TRUE,TRUE,FALSE,213.139.211.36
426,45.90.30.62,TRUE,TRUE,TRUE,TRUE,TRUE,TRUE,TRUE,dns2.nextdns.io
427,45.90.28.78,TRUE,TRUE,TRUE,TRUE,TRUE,TRUE,TRUE,dns1.nextdns.io
428,77.223.128.220,TRUE,FALSE,TRUE,FALSE,TRUE,FALSE,FALSE,77.223.128.220
429,80.125.181.99,FALSE,FALSE,TRUE,TRUE,TRUE,TRUE,FALSE,cms.ezy-distrib.sfr.fr.casepp.sfr.fr
430,134.102.20.20,FALSE,FALSE,TRUE,TRUE,TRUE,TRUE,FALSE,ines.zfn.uni-bremen.de
431,101.198.198.198,FALSE,FALSE,TRUE,TRUE,TRUE,TRUE,FALSE,public-dns-a.dnspai.com
432,89.17.159.213,FALSE,FALSE,TRUE,TRUE,TRUE,TRUE,FALSE,89.17.159.213
433,45.90.30.65,TRUE,TRUE,TRUE,TRUE,TRUE,TRUE,TRUE,dns2.nextdns.io
434,3.209.17.34,FALSE,FALSE,FALSE,FALSE,TRUE,TRUE,FALSE,ec2-3-209-17-34.compute-1.amazonaws.com
435,119.3.218.92,FALSE,FALSE,TRUE,TRUE,TRUE,TRUE,FALSE,ecs-119-3-218-92.compute.hwclouds-dns.com
436,45.90.30.9,TRUE,TRUE,TRUE,TRUE,TRUE,TRUE,TRUE,dns2.nextdns.io
437,217.160.44.149,FALSE,FALSE,TRUE,TRUE,TRUE,TRUE,FALSE,217.160.44.149
438,45.90.30.22,TRUE,TRUE,TRUE,TRUE,TRUE,TRUE,TRUE,dns2.nextdns.io
439,31.216.14.42,FALSE,FALSE,TRUE,TRUE,TRUE,TRUE,FALSE,ns4.highnet.com
440,45.90.28.110,TRUE,TRUE,TRUE,TRUE,TRUE,TRUE,TRUE,dns1.nextdns.io
441,80.124.140.201,FALSE,FALSE,TRUE,TRUE,TRUE,TRUE,FALSE,gatewaykiosque.case.sfr.fr.casepp.sfr.fr
442,217.169.20.23,FALSE,FALSE,TRUE,TRUE,TRUE,TRUE,TRUE,dns.aa.net.uk
443,8.129.77.255,FALSE,FALSE,TRUE,TRUE,TRUE,TRUE,FALSE,8.129.77.255
444,8.39.235.108,TRUE,TRUE,TRUE,TRUE,TRUE,TRUE,TRUE,dns.nextdns.io
445,45.90.28.13,TRUE,TRUE,TRUE,TRUE,TRUE,TRUE,TRUE,dns1.nextdns.io
446,45.90.28.120,TRUE,TRUE,TRUE,TRUE,TRUE,TRUE,TRUE,dns1.nextdns.io
447,45.90.29.93,TRUE,TRUE,TRUE,TRUE,TRUE,TRUE,FALSE,45.90.29.93
448,45.90.28.28,TRUE,TRUE,TRUE,TRUE,TRUE,TRUE,TRUE,dns1.nextdns.io
449,104.225.11.172,FALSE,FALSE,TRUE,TRUE,TRUE,TRUE,FALSE,dns3.iad3.hv.nominum.cloud
450,108.61.189.69,TRUE,FALSE,TRUE,FALSE,TRUE,FALSE,FALSE,108.61.189.69.vultr.com
451,95.216.187.185,FALSE,FALSE,TRUE,TRUE,TRUE,TRUE,TRUE,fuchur.pentament.de
452,54.79.3.18,FALSE,FALSE,TRUE,TRUE,TRUE,TRUE,FALSE,ec2-54-79-3-18.ap-southeast-2.compute.amazonaws.com
453,85.145.222.167,FALSE,FALSE,TRUE,TRUE,TRUE,TRUE,FALSE,167-222-145-85.ftth.glasoperator.nl
454,80.125.181.80,FALSE,FALSE,TRUE,TRUE,TRUE,TRUE,FALSE,red.sfr.fr.casepp.sfr.fr
455,45.90.28.170,TRUE,TRUE,TRUE,TRUE,TRUE,TRUE,TRUE,dns1.nextdns.io
456,213.61.254.36,FALSE,FALSE,TRUE,TRUE,TRUE,TRUE,FALSE,web.pm.rheinmetall.com
457,54.171.175.41,FALSE,FALSE,FALSE,TRUE,FALSE,FALSE,FALSE,ec2-54-171-175-41.eu-west-1.compute.amazonaws.com
458,139.99.134.6,FALSE,FALSE,TRUE,TRUE,TRUE,TRUE,FALSE,camilasyd1.zdns.pw
459,45.90.29.17,TRUE,TRUE,TRUE,TRUE,TRUE,TRUE,FALSE,45.90.29.17
460,103.196.38.38,FALSE,FALSE,TRUE,TRUE,TRUE,TRUE,TRUE,a.hdns.io
461,80.124.140.160,FALSE,FALSE,TRUE,TRUE,TRUE,TRUE,FALSE,pates-xml.backup.partenaires.sfr.fr.casepp.sfr.fr
462,195.50.204.191,FALSE,FALSE,TRUE,TRUE,TRUE,TRUE,FALSE,191-204-50-195.sta.estpak.ee
463,45.90.30.18,TRUE,TRUE,TRUE,TRUE,TRUE,TRUE,TRUE,dns2.nextdns.io
464,135.181.102.167,TRUE,TRUE,TRUE,TRUE,TRUE,TRUE,TRUE,dns.nextdns.io
465,82.64.163.190,FALSE,FALSE,TRUE,FALSE,TRUE,FALSE,FALSE,82-64-163-190.subs.proxad.net
466,185.12.88.178,FALSE,FALSE,TRUE,TRUE,TRUE,TRUE,FALSE,185.12.88.178
467,52.41.109.236,FALSE,FALSE,TRUE,TRUE,TRUE,TRUE,FALSE,dnsproxy.safebr.mcafee.com
468,45.90.30.136,TRUE,TRUE,TRUE,TRUE,TRUE,TRUE,TRUE,dns2.nextdns.io
469,45.90.28.80,TRUE,TRUE,TRUE,TRUE,TRUE,TRUE,TRUE,dns1.nextdns.io
470,45.90.28.41,TRUE,TRUE,TRUE,TRUE,TRUE,TRUE,TRUE,dns1.nextdns.io
471,142.93.33.36,FALSE,FALSE,TRUE,FALSE,TRUE,FALSE,FALSE,doh.argh.in
472,149.129.124.211,FALSE,FALSE,TRUE,TRUE,TRUE,TRUE,FALSE,149.129.124.211
473,80.125.180.100,FALSE,FALSE,TRUE,TRUE,TRUE,TRUE,FALSE,outilamberpoint.sfr.fr.casepp.sfr.fr
474,45.125.0.53,FALSE,FALSE,TRUE,TRUE,TRUE,TRUE,FALSE,45.125.0.53
475,45.90.30.250,TRUE,TRUE,TRUE,TRUE,TRUE,TRUE,TRUE,dns2.nextdns.io
476,203.180.146.203,FALSE,FALSE,FALSE,TRUE,FALSE,FALSE,FALSE,cor-pure91.cns.2iij.net
477,45.90.28.154,TRUE,TRUE,TRUE,TRUE,TRUE,TRUE,TRUE,dns1.nextdns.io
478,110.43.53.226,FALSE,FALSE,TRUE,TRUE,TRUE,TRUE,FALSE,110.43.53.226
479,17.253.6.85,FALSE,FALSE,TRUE,TRUE,TRUE,TRUE,FALSE,usatl4-doh-003.aaplimg.com
480,86.106.103.153,TRUE,TRUE,TRUE,TRUE,TRUE,TRUE,TRUE,dns.nextdns.io
481,17.253.38.243,FALSE,FALSE,TRUE,TRUE,TRUE,TRUE,FALSE,doh.dns.apple.com.v.aaplimg.com
482,52.209.174.126,FALSE,FALSE,FALSE,TRUE,FALSE,FALSE,FALSE,ec2-52-209-174-126.eu-west-1.compute.amazonaws.com
483,210.138.123.76,FALSE,FALSE,FALSE,TRUE,FALSE,TRUE,FALSE,cor-secure1600.cns.2iij.net
484,209.208.26.145,FALSE,FALSE,TRUE,TRUE,TRUE,TRUE,TRUE,atlantic.dyn1.de
485,45.90.29.36,TRUE,TRUE,TRUE,TRUE,TRUE,TRUE,FALSE,45.90.29.36
486,34.247.230.158,FALSE,FALSE,FALSE,TRUE,FALSE,FALSE,FALSE,ec2-34-247-230-158.eu-west-1.compute.amazonaws.com
487,5.1.32.33,FALSE,FALSE,TRUE,TRUE,TRUE,TRUE,TRUE,dns2.prisconetworks.com
488,45.90.28.212,TRUE,TRUE,TRUE,TRUE,TRUE,TRUE,TRUE,dns1.nextdns.io
489,45.90.28.49,TRUE,TRUE,TRUE,TRUE,TRUE,TRUE,TRUE,dns1.nextdns.io
490,83.69.169.222,FALSE,FALSE,TRUE,TRUE,TRUE,TRUE,FALSE,host-83-69-169-222.ncp.ru
491,103.6.212.123,FALSE,FALSE,TRUE,TRUE,TRUE,TRUE,FALSE,103.6.212.123
492,103.149.46.217,FALSE,FALSE,TRUE,TRUE,TRUE,TRUE,FALSE,103.149.46.217
493,212.227.205.78,FALSE,FALSE,TRUE,TRUE,TRUE,TRUE,FALSE,212.227.205.78
494,172.107.93.122,FALSE,FALSE,TRUE,TRUE,TRUE,TRUE,FALSE,unassigned.psychz.net
495,91.212.238.8,FALSE,FALSE,TRUE,TRUE,TRUE,TRUE,FALSE,8.238.212.91.rev.sfr.net
496,45.90.30.252,TRUE,TRUE,TRUE,TRUE,TRUE,TRUE,TRUE,dns2.nextdns.io
497,45.90.28.239,TRUE,TRUE,TRUE,TRUE,TRUE,TRUE,TRUE,dns1.nextdns.io
498,106.11.37.96,FALSE,FALSE,TRUE,TRUE,TRUE,TRUE,FALSE,106.11.37.96
499,206.189.185.210,FALSE,FALSE,TRUE,FALSE,TRUE,FALSE,FALSE,206.189.185.210
500,159.100.248.193,TRUE,TRUE,TRUE,TRUE,TRUE,TRUE,TRUE,dns.nextdns.io
501,104.225.11.245,FALSE,FALSE,TRUE,TRUE,TRUE,TRUE,FALSE,dns1-iad.securd.com
502,45.90.28.43,TRUE,TRUE,TRUE,TRUE,TRUE,TRUE,TRUE,dns1.nextdns.io
503,104.198.99.225,FALSE,FALSE,TRUE,TRUE,TRUE,TRUE,FALSE,225.99.198.104.bc.googleusercontent.com
504,80.251.201.59,FALSE,FALSE,FALSE,TRUE,FALSE,TRUE,FALSE,80.251.201.59
505,155.138.148.63,FALSE,FALSE,TRUE,TRUE,TRUE,TRUE,TRUE,tor.vasi.li
506,140.238.159.230,FALSE,FALSE,TRUE,FALSE,TRUE,FALSE,FALSE,140.238.159.230
507,92.223.65.71,FALSE,FALSE,TRUE,TRUE,TRUE,TRUE,TRUE,dns.comss.one
508,194.87.94.229,FALSE,FALSE,TRUE,TRUE,TRUE,TRUE,TRUE,ptr.ruvds.com
509,104.225.12.146,FALSE,FALSE,TRUE,TRUE,TRUE,TRUE,FALSE,dns2-dfw.securd.com
510,45.90.28.121,TRUE,TRUE,TRUE,TRUE,TRUE,TRUE,TRUE,dns1.nextdns.io
511,45.90.29.75,TRUE,TRUE,TRUE,TRUE,TRUE,TRUE,FALSE,45.90.29.75
512,51.222.107.153,TRUE,TRUE,TRUE,TRUE,TRUE,TRUE,FALSE,vps-0ad116e1.vps.ovh.ca
513,203.162.172.59,TRUE,TRUE,TRUE,TRUE,TRUE,TRUE,FALSE,203.162.172.59
514,109.24.72.150,FALSE,FALSE,TRUE,TRUE,TRUE,TRUE,FALSE,109.24.72.150
515,44.234.219.208,FALSE,FALSE,TRUE,TRUE,TRUE,TRUE,FALSE,dnsproxy.safebr.mcafee.com
516,167.71.190.157,FALSE,FALSE,TRUE,TRUE,TRUE,TRUE,FALSE,labs.syshero.org
517,5.34.180.247,FALSE,FALSE,TRUE,TRUE,TRUE,TRUE,FALSE,vds-dumonchik-79509.itldc-customer.net
518,82.64.205.253,FALSE,FALSE,TRUE,TRUE,TRUE,TRUE,FALSE,82-64-205-253.subs.proxad.net
519,52.34.132.225,FALSE,FALSE,TRUE,TRUE,TRUE,TRUE,FALSE,dnsproxy.safebr.mcafee.com
520,147.162.22.1,FALSE,FALSE,TRUE,FALSE,TRUE,FALSE,FALSE,galileo.math.unipd.it
521,80.124.140.200,FALSE,FALSE,TRUE,TRUE,TRUE,TRUE,FALSE,lestudio.sfr.fr.casepp.sfr.fr
522,217.169.20.22,FALSE,FALSE,TRUE,TRUE,TRUE,TRUE,TRUE,dns.aa.net.uk
523,45.90.28.220,TRUE,TRUE,TRUE,TRUE,TRUE,TRUE,TRUE,dns1.nextdns.io
524,45.90.29.50,TRUE,TRUE,TRUE,TRUE,TRUE,TRUE,FALSE,45.90.29.50
525,9.9.9.9,FALSE,FALSE,TRUE,TRUE,TRUE,TRUE,TRUE,bad.dns.ipbx4rent.com
526,130.255.78.51,FALSE,FALSE,FALSE,FALSE,TRUE,TRUE,TRUE,mail.dnswl.org
527,217.0.43.2,FALSE,FALSE,TRUE,TRUE,TRUE,TRUE,FALSE,dns.telekom.de
528,45.117.103.234,FALSE,FALSE,TRUE,TRUE,TRUE,TRUE,FALSE,45.117.103.234
529,45.90.30.170,TRUE,TRUE,TRUE,TRUE,TRUE,TRUE,TRUE,dns2.nextdns.io
530,209.177.145.66,FALSE,FALSE,TRUE,TRUE,TRUE,TRUE,FALSE,dns2-lga.securd.com
531,52.18.44.241,FALSE,FALSE,FALSE,TRUE,FALSE,FALSE,FALSE,ec2-52-18-44-241.eu-west-1.compute.amazonaws.com
532,81.7.14.85,FALSE,FALSE,TRUE,TRUE,TRUE,TRUE,FALSE,s81-7-14-85.blue.kundencontroller.de
533,210.138.123.74,FALSE,FALSE,FALSE,TRUE,FALSE,FALSE,FALSE,cor-pure1601.cns.2iij.net
534,34.72.159.240,FALSE,FALSE,TRUE,FALSE,TRUE,FALSE,FALSE,240.159.72.34.bc.googleusercontent.com
535,203.180.146.208,FALSE,FALSE,FALSE,TRUE,FALSE,TRUE,FALSE,cor-secure911.cns.2iij.net
536,45.90.29.225,TRUE,TRUE,TRUE,TRUE,TRUE,TRUE,FALSE,45.90.29.225
537,210.138.123.109,FALSE,FALSE,FALSE,TRUE,FALSE,FALSE,FALSE,cor-secure1611.cns.2iij.net
538,45.90.28.243,TRUE,TRUE,TRUE,TRUE,TRUE,TRUE,TRUE,dns1.nextdns.io
539,208.111.39.77,FALSE,FALSE,TRUE,TRUE,TRUE,FALSE,FALSE,dns1.sjc.hv.nominum.cloud
540,193.191.129.46,FALSE,FALSE,TRUE,TRUE,TRUE,TRUE,FALSE,ptr46.lachambre.be
541,94.130.182.199,FALSE,FALSE,TRUE,TRUE,TRUE,TRUE,FALSE,chaos-system.de
542,9.9.9.11,FALSE,FALSE,TRUE,TRUE,TRUE,TRUE,TRUE,dns11.quad9.net
543,35.211.162.236,FALSE,FALSE,TRUE,TRUE,TRUE,TRUE,FALSE,236.162.211.35.bc.googleusercontent.com
544,210.130.0.21,FALSE,FALSE,FALSE,TRUE,FALSE,TRUE,FALSE,ns22.iij.ad.jp
545,222.88.72.38,FALSE,FALSE,TRUE,TRUE,TRUE,TRUE,FALSE,222.88.72.38
546,194.204.251.13,FALSE,FALSE,TRUE,TRUE,TRUE,TRUE,FALSE,ll194-13-251-204-194.ll194.iam.net.ma
547,45.90.28.101,TRUE,TRUE,TRUE,TRUE,TRUE,TRUE,TRUE,dns1.nextdns.io
548,116.203.115.225,FALSE,FALSE,FALSE,TRUE,FALSE,TRUE,FALSE,static.225.115.203.116.clients.your-server.de
549,195.228.221.3,FALSE,FALSE,FALSE,TRUE,FALSE,FALSE,FALSE,195.228.221.3
550,45.90.28.127,TRUE,TRUE,TRUE,TRUE,TRUE,TRUE,TRUE,dns1.nextdns.io
551,210.138.123.105,FALSE,FALSE,FALSE,TRUE,FALSE,TRUE,FALSE,cor-pure1610.cns.2iij.net
552,45.90.28.99,FALSE,TRUE,TRUE,TRUE,TRUE,TRUE,TRUE,dns1.nextdns.io
553,80.125.180.73,FALSE,FALSE,TRUE,TRUE,TRUE,TRUE,FALSE,webcare.funinfo.sfr.fr.casepp.sfr.fr
554,45.90.29.99,TRUE,TRUE,TRUE,TRUE,TRUE,TRUE,FALSE,45.90.29.99
555,45.90.29.197,TRUE,TRUE,TRUE,TRUE,TRUE,TRUE,FALSE,45.90.29.197
556,45.90.29.149,TRUE,TRUE,TRUE,TRUE,TRUE,TRUE,FALSE,45.90.29.149
557,45.90.28.117,TRUE,TRUE,TRUE,TRUE,TRUE,TRUE,TRUE,dns1.nextdns.io
558,176.103.130.137,FALSE,FALSE,TRUE,TRUE,TRUE,TRUE,FALSE,176-103-130-137.dns.adguard.com
559,80.125.161.117,FALSE,FALSE,TRUE,TRUE,TRUE,TRUE,FALSE,c.cms.sfr.fr.casepp.sfr.fr
560,45.90.30.150,TRUE,TRUE,TRUE,TRUE,TRUE,TRUE,TRUE,dns2.nextdns.io
561,193.9.112.136,TRUE,TRUE,TRUE,TRUE,TRUE,TRUE,TRUE,steering.nextdns.io
562,80.254.77.39,FALSE,FALSE,TRUE,TRUE,TRUE,TRUE,TRUE,riv1-ns01.monzoon.net
563,167.179.64.116,TRUE,FALSE,TRUE,FALSE,TRUE,FALSE,FALSE,167.179.64.116.vultr.com
564,45.90.28.191,TRUE,TRUE,TRUE,TRUE,TRUE,TRUE,TRUE,dns1.nextdns.io
565,5.79.100.76,FALSE,FALSE,FALSE,FALSE,TRUE,TRUE,FALSE,5.79.100.76
566,44.229.182.61,FALSE,FALSE,TRUE,TRUE,TRUE,TRUE,FALSE,dnsproxy.safebr.mcafee.com
567,45.90.29.47,TRUE,TRUE,TRUE,TRUE,TRUE,TRUE,FALSE,45.90.29.47
568,161.210.250.7,FALSE,FALSE,TRUE,TRUE,TRUE,TRUE,FALSE,161.210.250.7
569,45.90.29.174,TRUE,TRUE,TRUE,TRUE,TRUE,TRUE,FALSE,45.90.29.174
570,45.79.120.233,FALSE,FALSE,TRUE,TRUE,TRUE,TRUE,TRUE,in.ahadns.net
571,18.216.182.207,FALSE,FALSE,TRUE,TRUE,TRUE,TRUE,FALSE,ec2-18-216-182-207.us-east-2.compute.amazonaws.com
572,176.31.83.186,FALSE,FALSE,TRUE,TRUE,TRUE,TRUE,FALSE,ip186.ip-176-31-83.eu
573,188.241.178.104,TRUE,TRUE,TRUE,TRUE,TRUE,TRUE,TRUE,dns.nextdns.io
574,45.90.28.246,TRUE,TRUE,TRUE,TRUE,TRUE,TRUE,TRUE,dns1.nextdns.io
575,45.90.28.93,TRUE,TRUE,TRUE,TRUE,TRUE,TRUE,TRUE,dns1.nextdns.io
576,213.149.105.9,FALSE,FALSE,FALSE,TRUE,FALSE,FALSE,FALSE,redirekcija.t-com.me
577,45.90.30.77,TRUE,TRUE,TRUE,TRUE,TRUE,TRUE,TRUE,dns2.nextdns.io
578,140.238.28.191,FALSE,FALSE,TRUE,FALSE,TRUE,FALSE,FALSE,140.238.28.191
579,45.90.28.9,TRUE,TRUE,TRUE,TRUE,TRUE,TRUE,TRUE,dns1.nextdns.io
580,210.128.97.88,FALSE,FALSE,FALSE,TRUE,FALSE,FALSE,FALSE,per-secure011.cns.2iij.net
581,45.90.29.188,TRUE,TRUE,TRUE,TRUE,TRUE,TRUE,FALSE,45.90.29.188
582,44.237.198.74,FALSE,FALSE,TRUE,TRUE,TRUE,TRUE,FALSE,dnsproxy.safebr.mcafee.com
583,194.249.0.142,FALSE,FALSE,TRUE,TRUE,TRUE,TRUE,FALSE,232.ablak.arnes.si
584,176.223.136.169,FALSE,FALSE,TRUE,TRUE,TRUE,TRUE,FALSE,353o.l.time4vps.cloud
585,47.244.3.29,FALSE,FALSE,TRUE,TRUE,TRUE,TRUE,FALSE,47.244.3.29
586,162.250.2.3,TRUE,TRUE,TRUE,TRUE,FALSE,TRUE,TRUE,dns.nextdns.io
587,64.20.34.50,FALSE,FALSE,TRUE,FALSE,TRUE,FALSE,FALSE,cache2.trouble-free.net
588,52.16.163.185,FALSE,FALSE,FALSE,TRUE,FALSE,FALSE,FALSE,ec2-52-16-163-185.eu-west-1.compute.amazonaws.com
589,54.172.110.180,FALSE,FALSE,TRUE,TRUE,TRUE,TRUE,FALSE,ec2-54-172-110-180.compute-1.amazonaws.com
590,80.124.140.168,FALSE,FALSE,TRUE,TRUE,TRUE,TRUE,FALSE,collectivites.sfrbusinessteam.fr.casepp.sfr.fr
591,45.90.28.67,TRUE,TRUE,TRUE,TRUE,TRUE,TRUE,TRUE,dns1.nextdns.io
592,209.177.158.142,FALSE,FALSE,TRUE,TRUE,TRUE,TRUE,FALSE,dns2-chi.securd.com
593,95.216.209.165,FALSE,FALSE,TRUE,TRUE,TRUE,TRUE,FALSE,fio.ze1.org
594,160.16.53.149,FALSE,FALSE,TRUE,TRUE,TRUE,TRUE,FALSE,tk2-202-10895.vs.sakura.ne.jp
595,161.210.250.2,FALSE,FALSE,TRUE,FALSE,TRUE,TRUE,FALSE,161.210.250.2
596,45.90.29.86,TRUE,TRUE,TRUE,TRUE,TRUE,TRUE,FALSE,45.90.29.86
597,109.27.84.62,FALSE,FALSE,TRUE,TRUE,TRUE,TRUE,FALSE,62.84.27.109.rev.sfr.net
598,82.165.23.176,FALSE,FALSE,TRUE,TRUE,TRUE,TRUE,TRUE,nsc.torgues.net
599,66.42.50.16,FALSE,FALSE,TRUE,TRUE,TRUE,TRUE,FALSE,66.42.50.16.vultr.com
600,162.250.7.137,FALSE,TRUE,TRUE,TRUE,TRUE,TRUE,TRUE,dns.nextdns.io
601,81.7.14.83,FALSE,FALSE,TRUE,TRUE,TRUE,TRUE,FALSE,s81-7-14-83.blue.kundencontroller.de
602,45.90.29.25,TRUE,TRUE,TRUE,TRUE,TRUE,TRUE,FALSE,45.90.29.25
603,209.177.158.15,FALSE,FALSE,TRUE,TRUE,TRUE,TRUE,FALSE,209.177.158.15
604,94.140.15.15,FALSE,FALSE,TRUE,TRUE,TRUE,TRUE,TRUE,dns.adguard.com
605,138.197.159.48,FALSE,FALSE,TRUE,TRUE,TRUE,TRUE,FALSE,cv-dns-on-ca-2.cloudveil.org
606,162.14.132.76,FALSE,FALSE,TRUE,TRUE,TRUE,TRUE,FALSE,public.global-idc.net
607,93.115.24.205,FALSE,FALSE,TRUE,TRUE,TRUE,TRUE,TRUE,dns.comss.one
608,140.238.220.58,FALSE,FALSE,TRUE,TRUE,TRUE,TRUE,FALSE,140.238.220.58
609,222.124.173.197,FALSE,FALSE,TRUE,TRUE,TRUE,TRUE,FALSE,222.124.173.197
610,213.61.254.41,FALSE,FALSE,TRUE,TRUE,TRUE,TRUE,FALSE,213.61.254.41
611,80.124.140.157,FALSE,FALSE,TRUE,TRUE,TRUE,TRUE,FALSE,pates.backup.pdct.sfr.fr.casepp.sfr.fr
612,80.124.140.129,FALSE,FALSE,TRUE,TRUE,TRUE,TRUE,FALSE,hotspot.sfr.fr.casepp.sfr.fr
613,198.23.209.146,TRUE,TRUE,TRUE,TRUE,TRUE,TRUE,FALSE,198-23-209-146-host.colocrossing.com
614,75.2.118.36,FALSE,FALSE,TRUE,TRUE,TRUE,TRUE,FALSE,ad3ab303f1f21eff8.awsglobalaccelerator.com
615,45.90.30.177,TRUE,TRUE,TRUE,TRUE,TRUE,TRUE,TRUE,dns2.nextdns.io
616,80.124.140.233,FALSE,FALSE,TRUE,TRUE,TRUE,TRUE,FALSE,forum.sfr.fr.casepp.sfr.fr
617,17.253.82.247,FALSE,FALSE,TRUE,FALSE,TRUE,TRUE,FALSE,sgsin3-doh-002.aaplimg.com
618,45.90.28.37,TRUE,TRUE,TRUE,TRUE,TRUE,TRUE,TRUE,dns1.nextdns.io
619,45.90.29.141,TRUE,TRUE,TRUE,TRUE,TRUE,TRUE,FALSE,45.90.29.141
620,3.248.149.109,FALSE,FALSE,FALSE,TRUE,FALSE,FALSE,FALSE,ec2-3-248-149-109.eu-west-1.compute.amazonaws.com
621,109.24.70.2,FALSE,FALSE,TRUE,TRUE,TRUE,TRUE,FALSE,assistance.sfr.fr.casepp.sfr.fr
622,152.67.229.20,FALSE,FALSE,TRUE,TRUE,TRUE,TRUE,FALSE,152.67.229.20
623,45.90.28.12,TRUE,TRUE,TRUE,TRUE,TRUE,TRUE,TRUE,dns1.nextdns.io
624,45.90.30.169,TRUE,TRUE,TRUE,TRUE,TRUE,TRUE,TRUE,dns2.nextdns.io
625,80.125.181.183,FALSE,FALSE,TRUE,TRUE,TRUE,TRUE,FALSE,extachatweb.sfr.fr.casepp.sfr.fr
626,213.149.240.21,FALSE,FALSE,TRUE,TRUE,TRUE,TRUE,FALSE,mail21.es.34web.net
627,45.77.229.157,FALSE,FALSE,FALSE,TRUE,FALSE,TRUE,FALSE,carbon.junesta.net
628,47.103.166.50,FALSE,FALSE,TRUE,TRUE,TRUE,TRUE,FALSE,47.103.166.50
629,34.96.142.40,FALSE,FALSE,TRUE,TRUE,TRUE,TRUE,FALSE,40.142.96.34.bc.googleusercontent.com
630,147.230.16.240,FALSE,FALSE,FALSE,TRUE,FALSE,TRUE,FALSE,nsb.tul.cz
631,45.90.28.164,TRUE,TRUE,TRUE,TRUE,TRUE,TRUE,TRUE,dns1.nextdns.io
632,54.237.181.250,FALSE,FALSE,FALSE,TRUE,FALSE,TRUE,FALSE,ec2-54-237-181-250.compute-1.amazonaws.com
633,119.147.179.244,FALSE,FALSE,FALSE,FALSE,TRUE,TRUE,FALSE,119.147.179.244
634,45.90.28.39,TRUE,TRUE,TRUE,TRUE,TRUE,TRUE,TRUE,dns1.nextdns.io
635,72.44.68.88,FALSE,FALSE,TRUE,TRUE,TRUE,TRUE,FALSE,72.44.68.88
636,45.90.30.74,TRUE,TRUE,TRUE,TRUE,TRUE,TRUE,TRUE,dns2.nextdns.io
637,39.100.20.1,FALSE,FALSE,TRUE,TRUE,TRUE,TRUE,FALSE,39.100.20.1
638,80.125.161.90,FALSE,FALSE,TRUE,TRUE,TRUE,TRUE,FALSE,mtpremium.services.sfr.fr.casepp.sfr.fr
639,149.28.161.146,FALSE,FALSE,TRUE,FALSE,TRUE,FALSE,FALSE,syd01.ns.cbws.xyz
640,45.90.29.214,TRUE,TRUE,TRUE,TRUE,TRUE,TRUE,FALSE,45.90.29.214
641,185.26.125.181,FALSE,FALSE,TRUE,FALSE,TRUE,FALSE,TRUE,iris.woozeno.eu
642,104.225.12.24,FALSE,FALSE,TRUE,TRUE,TRUE,TRUE,FALSE,104.225.12.24
643,194.191.40.97,FALSE,FALSE,TRUE,TRUE,TRUE,TRUE,FALSE,194.191.40.97
644,80.125.180.161,FALSE,FALSE,TRUE,TRUE,TRUE,TRUE,FALSE,espace-client.m.sfr.fr.casepp.sfr.fr
645,37.252.254.39,TRUE,TRUE,TRUE,TRUE,TRUE,TRUE,TRUE,dns.nextdns.io
646,45.90.29.196,TRUE,TRUE,TRUE,TRUE,TRUE,TRUE,FALSE,45.90.29.196
647,80.125.180.124,FALSE,FALSE,TRUE,TRUE,TRUE,TRUE,FALSE,extctcweb1024.sfr.fr.casepp.sfr.fr
648,185.183.159.34,FALSE,FALSE,TRUE,TRUE,TRUE,TRUE,FALSE,abel.waringer-atg.de
649,45.90.28.57,TRUE,TRUE,TRUE,TRUE,TRUE,TRUE,TRUE,dns1.nextdns.io
650,52.19.206.74,FALSE,FALSE,FALSE,TRUE,FALSE,FALSE,FALSE,ec2-52-19-206-74.eu-west-1.compute.amazonaws.com
651,45.90.29.103,TRUE,TRUE,TRUE,TRUE,TRUE,TRUE,FALSE,45.90.29.103
652,194.87.239.59,FALSE,FALSE,TRUE,TRUE,TRUE,TRUE,TRUE,ptr.ruvds.com
653,45.90.29.119,TRUE,TRUE,TRUE,TRUE,TRUE,TRUE,FALSE,45.90.29.119
654,45.90.29.27,TRUE,TRUE,TRUE,TRUE,TRUE,TRUE,FALSE,45.90.29.27
655,161.97.79.138,FALSE,FALSE,TRUE,TRUE,TRUE,TRUE,FALSE,vmi565450.contaboserver.net
656,68.183.70.223,FALSE,FALSE,TRUE,TRUE,TRUE,TRUE,FALSE,68.183.70.223
657,52.215.49.128,FALSE,FALSE,FALSE,TRUE,FALSE,FALSE,FALSE,ec2-52-215-49-128.eu-west-1.compute.amazonaws.com
658,45.90.28.198,TRUE,TRUE,TRUE,TRUE,TRUE,TRUE,TRUE,dns1.nextdns.io
659,159.69.108.26,FALSE,FALSE,TRUE,TRUE,TRUE,TRUE,TRUE,ns.doh-ns.de
660,17.253.36.85,FALSE,FALSE,TRUE,TRUE,TRUE,TRUE,FALSE,doh.dns.apple.com.v.aaplimg.com
661,45.90.30.129,TRUE,TRUE,TRUE,TRUE,TRUE,TRUE,TRUE,dns2.nextdns.io
662,45.90.30.192,TRUE,TRUE,TRUE,TRUE,TRUE,TRUE,TRUE,dns2.nextdns.io
663,221.181.72.233,FALSE,FALSE,TRUE,TRUE,TRUE,TRUE,FALSE,
664,80.124.140.144,FALSE,FALSE,TRUE,TRUE,TRUE,TRUE,FALSE,cms.mes-contenus.sfr.fr.casepp.sfr.fr
665,213.183.62.162,FALSE,FALSE,TRUE,TRUE,TRUE,TRUE,FALSE,bg-sof-fe-01.swiftycdn.net
666,95.217.213.94,FALSE,FALSE,FALSE,TRUE,FALSE,FALSE,FALSE,static.94.213.217.95.clients.your-server.de
667,45.77.162.235,TRUE,TRUE,TRUE,TRUE,TRUE,TRUE,TRUE,dns.nextdns.io
668,45.90.30.46,TRUE,TRUE,TRUE,TRUE,TRUE,TRUE,TRUE,dns2.nextdns.io
669,35.223.113.18,FALSE,FALSE,TRUE,FALSE,TRUE,FALSE,FALSE,18.113.223.35.bc.googleusercontent.com
670,45.90.28.122,TRUE,TRUE,TRUE,TRUE,TRUE,TRUE,TRUE,dns1.nextdns.io
671,168.235.81.167,FALSE,FALSE,TRUE,TRUE,TRUE,TRUE,TRUE,dns-nyc.aaflalo.me
672,180.163.223.231,FALSE,FALSE,TRUE,TRUE,TRUE,TRUE,FALSE,180.163.223.231
673,45.90.29.23,TRUE,TRUE,TRUE,TRUE,TRUE,TRUE,FALSE,45.90.29.23
674,45.90.29.62,TRUE,TRUE,TRUE,TRUE,TRUE,TRUE,FALSE,45.90.29.62
675,45.90.28.232,TRUE,TRUE,TRUE,TRUE,TRUE,TRUE,TRUE,dns1.nextdns.io
676,45.90.28.228,TRUE,TRUE,TRUE,TRUE,TRUE,TRUE,TRUE,dns1.nextdns.io
677,45.32.219.28,TRUE,TRUE,TRUE,TRUE,TRUE,TRUE,TRUE,dns.nextdns.io
678,89.187.169.24,TRUE,TRUE,TRUE,TRUE,TRUE,TRUE,TRUE,dns.nextdns.io
679,104.225.11.199,FALSE,FALSE,TRUE,TRUE,TRUE,TRUE,FALSE,dns2.iad.preprod.nominum.cloud
680,176.125.239.22,FALSE,FALSE,TRUE,TRUE,TRUE,TRUE,FALSE,176.125.239.22
681,34.197.6.94,FALSE,FALSE,FALSE,TRUE,FALSE,TRUE,FALSE,ec2-34-197-6-94.compute-1.amazonaws.com
682,45.90.28.105,TRUE,TRUE,TRUE,TRUE,TRUE,TRUE,TRUE,dns1.nextdns.io
683,54.73.239.183,FALSE,FALSE,FALSE,TRUE,FALSE,FALSE,FALSE,ec2-54-73-239-183.eu-west-1.compute.amazonaws.com
684,45.90.28.132,TRUE,TRUE,TRUE,TRUE,TRUE,TRUE,TRUE,dns1.nextdns.io
685,45.90.28.96,TRUE,TRUE,TRUE,TRUE,TRUE,TRUE,TRUE,dns1.nextdns.io
686,81.7.14.252,FALSE,FALSE,TRUE,TRUE,TRUE,TRUE,FALSE,81-7-14-252.blue.kundencontroller.de
687,152.89.161.16,TRUE,TRUE,TRUE,TRUE,TRUE,TRUE,TRUE,dns.nextdns.io
688,208.111.35.106,FALSE,FALSE,TRUE,TRUE,TRUE,TRUE,FALSE,dns3.sjc.hv.nominum.cloud
689,134.209.81.226,FALSE,FALSE,TRUE,TRUE,TRUE,TRUE,TRUE,craft.vps.pw
690,72.11.134.90,FALSE,FALSE,TRUE,TRUE,TRUE,TRUE,FALSE,72.11.134.90.static.quadranet.com
691,45.90.29.142,TRUE,TRUE,TRUE,TRUE,TRUE,TRUE,FALSE,45.90.29.142
692,188.172.192.71,TRUE,TRUE,TRUE,TRUE,TRUE,TRUE,TRUE,dns.nextdns.io
693,45.90.30.226,TRUE,TRUE,TRUE,TRUE,TRUE,TRUE,TRUE,dns2.nextdns.io
694,45.90.29.0,TRUE,TRUE,TRUE,TRUE,TRUE,TRUE,FALSE,45.90.29.0
695,45.90.30.19,TRUE,TRUE,TRUE,TRUE,TRUE,TRUE,TRUE,dns2.nextdns.io
696,17.253.56.213,FALSE,FALSE,TRUE,TRUE,TRUE,TRUE,FALSE,doh.dns.apple.com.v.aaplimg.com
697,45.90.30.109,TRUE,TRUE,TRUE,TRUE,TRUE,TRUE,TRUE,dns2.nextdns.io
698,180.163.223.233,FALSE,FALSE,TRUE,TRUE,TRUE,TRUE,FALSE,180.163.223.233
699,47.108.0.39,FALSE,FALSE,TRUE,TRUE,TRUE,TRUE,FALSE,cache2.alidns.com
700,79.110.170.43,FALSE,FALSE,TRUE,FALSE,TRUE,FALSE,FALSE,79.110.170.43
701,45.90.29.33,TRUE,TRUE,TRUE,TRUE,TRUE,TRUE,FALSE,45.90.29.33
702,80.125.161.184,FALSE,FALSE,TRUE,TRUE,TRUE,TRUE,FALSE,cms.lafibresfr.fr.casepp.sfr.fr
703,158.101.2.228,FALSE,FALSE,TRUE,TRUE,TRUE,TRUE,FALSE,158.101.2.228
704,139.199.193.210,FALSE,FALSE,FALSE,TRUE,FALSE,TRUE,FALSE,139.199.193.210
705,91.191.170.21,TRUE,FALSE,TRUE,FALSE,TRUE,FALSE,FALSE,resolver-4.tbt.com.tr
706,161.35.28.190,FALSE,FALSE,TRUE,TRUE,TRUE,TRUE,FALSE,ns0.x0w.de
707,45.90.28.79,TRUE,TRUE,TRUE,TRUE,TRUE,TRUE,TRUE,dns1.nextdns.io
708,188.172.251.1,TRUE,TRUE,TRUE,TRUE,TRUE,TRUE,TRUE,dns.nextdns.io
709,45.90.29.217,TRUE,TRUE,TRUE,TRUE,TRUE,TRUE,FALSE,45.90.29.217
710,45.90.29.190,TRUE,TRUE,TRUE,TRUE,TRUE,TRUE,FALSE,45.90.29.190
711,45.90.30.6,TRUE,TRUE,TRUE,TRUE,TRUE,TRUE,TRUE,dns2.nextdns.io
712,185.12.88.179,FALSE,FALSE,TRUE,TRUE,TRUE,TRUE,FALSE,185.12.88.179
713,45.90.30.138,TRUE,TRUE,TRUE,TRUE,TRUE,TRUE,TRUE,dns2.nextdns.io
714,216.98.99.110,FALSE,FALSE,FALSE,TRUE,FALSE,FALSE,FALSE,per1711.cns.2iij.net
715,210.128.97.85,FALSE,FALSE,FALSE,TRUE,FALSE,FALSE,FALSE,per-pure011.cns.2iij.net
716,45.90.30.149,TRUE,TRUE,TRUE,TRUE,TRUE,TRUE,TRUE,dns2.nextdns.io
717,45.90.30.195,TRUE,TRUE,TRUE,TRUE,TRUE,TRUE,TRUE,dns2.nextdns.io
718,106.11.37.100,FALSE,FALSE,TRUE,TRUE,TRUE,TRUE,FALSE,106.11.37.100
719,5.59.130.114,FALSE,FALSE,TRUE,TRUE,TRUE,TRUE,FALSE,5.59.130.114
720,210.130.0.53,FALSE,FALSE,FALSE,FALSE,FALSE,TRUE,FALSE,ns53.iij.ad.jp
721,139.59.223.113,FALSE,FALSE,TRUE,TRUE,TRUE,TRUE,FALSE,139.59.223.113
722,45.90.30.35,TRUE,TRUE,TRUE,TRUE,TRUE,TRUE,TRUE,dns2.nextdns.io
723,116.203.30.98,FALSE,FALSE,TRUE,TRUE,TRUE,TRUE,FALSE,static.98.30.203.116.clients.your-server.de
724,17.253.34.247,FALSE,FALSE,TRUE,TRUE,TRUE,TRUE,FALSE,uklon5-doh-002.aaplimg.com
725,39.103.26.198,FALSE,FALSE,TRUE,TRUE,TRUE,TRUE,FALSE,39.103.26.198
726,200.25.36.70,TRUE,TRUE,TRUE,TRUE,TRUE,TRUE,TRUE,dns.nextdns.io
727,217.146.1.31,TRUE,TRUE,TRUE,TRUE,TRUE,TRUE,TRUE,dns.nextdns.io
728,178.255.153.47,TRUE,TRUE,TRUE,TRUE,TRUE,TRUE,TRUE,dns.nextdns.io
729,45.90.29.171,TRUE,TRUE,TRUE,TRUE,TRUE,TRUE,FALSE,45.90.29.171
730,1.0.0.2,TRUE,TRUE,TRUE,TRUE,TRUE,TRUE,TRUE,security.cloudflare-dns.com
731,210.128.97.83,FALSE,FALSE,FALSE,TRUE,FALSE,TRUE,FALSE,per-pure01.cns.2iij.net
732,91.239.27.199,FALSE,FALSE,TRUE,TRUE,TRUE,TRUE,FALSE,91-239-27-199.flops.ru
733,34.101.84.129,TRUE,TRUE,TRUE,TRUE,TRUE,TRUE,TRUE,dns.nextdns.io
734,141.84.69.29,FALSE,FALSE,TRUE,TRUE,TRUE,TRUE,TRUE,muli.stusta.mhn.de
735,80.124.140.163,FALSE,FALSE,TRUE,TRUE,TRUE,TRUE,FALSE,gws-mobile.sfr.fr.casepp.sfr.fr
736,35.227.19.85,FALSE,FALSE,TRUE,TRUE,TRUE,TRUE,FALSE,85.19.227.35.bc.googleusercontent.com
737,52.31.171.166,FALSE,FALSE,FALSE,TRUE,FALSE,FALSE,FALSE,ec2-52-31-171-166.eu-west-1.compute.amazonaws.com
738,45.90.30.7,TRUE,TRUE,TRUE,TRUE,TRUE,TRUE,TRUE,dns2.nextdns.io
739,93.180.70.22,FALSE,FALSE,TRUE,TRUE,TRUE,TRUE,FALSE,rn1.pcextreme.nl
740,45.90.30.203,TRUE,TRUE,TRUE,TRUE,TRUE,TRUE,TRUE,dns2.nextdns.io
741,17.253.82.119,FALSE,FALSE,TRUE,TRUE,TRUE,TRUE,FALSE,sgsin3-doh-001.aaplimg.com
742,193.122.96.153,FALSE,FALSE,TRUE,TRUE,TRUE,TRUE,FALSE,193.122.96.153
743,210.128.97.215,FALSE,FALSE,FALSE,TRUE,FALSE,TRUE,FALSE,per-pure211.cns.2iij.net
744,185.56.27.1,FALSE,FALSE,TRUE,TRUE,TRUE,TRUE,FALSE,185.56.27.1
745,176.103.130.136,FALSE,FALSE,TRUE,TRUE,TRUE,TRUE,FALSE,176-103-130-136.dns.adguard.com
746,45.90.30.225,TRUE,TRUE,TRUE,TRUE,TRUE,TRUE,TRUE,dns2.nextdns.io
747,80.125.181.98,FALSE,FALSE,TRUE,TRUE,TRUE,TRUE,FALSE,asc.sfr.fr.casepp.sfr.fr
748,156.251.165.134,FALSE,FALSE,TRUE,TRUE,TRUE,TRUE,FALSE,156.251.165.134
749,45.90.29.85,TRUE,TRUE,TRUE,TRUE,TRUE,TRUE,FALSE,45.90.29.85
750,45.77.223.173,FALSE,FALSE,TRUE,TRUE,TRUE,TRUE,FALSE,45.77.223.173.vultr.com
751,45.90.30.245,TRUE,TRUE,TRUE,TRUE,TRUE,TRUE,TRUE,dns2.nextdns.io
752,141.100.59.223,FALSE,FALSE,TRUE,TRUE,TRUE,TRUE,FALSE,os-ns2.fbi.h-da.de
753,203.180.146.13,FALSE,FALSE,FALSE,TRUE,FALSE,TRUE,FALSE,cor-secure220.cns.2iij.net
754,52.31.191.149,FALSE,FALSE,FALSE,TRUE,FALSE,FALSE,FALSE,ec2-52-31-191-149.eu-west-1.compute.amazonaws.com
755,17.253.2.247,FALSE,FALSE,TRUE,TRUE,TRUE,TRUE,FALSE,usdal4-doh-002.aaplimg.com
756,143.244.33.90,FALSE,FALSE,TRUE,TRUE,TRUE,TRUE,FALSE,unn-143-244-33-90.datapacket.com
757,130.61.93.4,FALSE,FALSE,TRUE,TRUE,TRUE,TRUE,FALSE,130.61.93.4
758,80.149.229.107,FALSE,FALSE,TRUE,TRUE,TRUE,TRUE,FALSE,80.149.229.107
759,45.90.30.0,TRUE,TRUE,TRUE,TRUE,TRUE,TRUE,TRUE,steering.nextdns.io
760,45.90.30.188,TRUE,TRUE,TRUE,TRUE,TRUE,TRUE,TRUE,dns2.nextdns.io
761,45.90.29.100,TRUE,TRUE,TRUE,TRUE,TRUE,TRUE,FALSE,45.90.29.100
762,142.93.248.50,FALSE,FALSE,TRUE,FALSE,TRUE,FALSE,FALSE,142.93.248.50
763,45.90.28.226,TRUE,TRUE,TRUE,TRUE,TRUE,TRUE,TRUE,dns1.nextdns.io
764,45.90.30.32,TRUE,TRUE,TRUE,TRUE,TRUE,TRUE,TRUE,dns2.nextdns.io
765,192.73.240.168,FALSE,FALSE,TRUE,TRUE,TRUE,TRUE,FALSE,dns1-sea.securd.com
766,45.90.28.173,TRUE,TRUE,TRUE,TRUE,TRUE,TRUE,TRUE,dns1.nextdns.io
767,45.90.28.36,TRUE,TRUE,TRUE,TRUE,TRUE,TRUE,TRUE,dns1.nextdns.io
768,45.90.30.214,TRUE,TRUE,TRUE,TRUE,TRUE,TRUE,TRUE,dns2.nextdns.io
769,212.26.128.3,FALSE,FALSE,TRUE,TRUE,TRUE,TRUE,FALSE,snake.ukrnet.net
770,52.49.195.5,FALSE,FALSE,FALSE,TRUE,FALSE,FALSE,FALSE,ec2-52-49-195-5.eu-west-1.compute.amazonaws.com
771,130.61.69.193,FALSE,FALSE,TRUE,TRUE,TRUE,TRUE,FALSE,130.61.69.193
772,8.131.52.117,FALSE,FALSE,TRUE,TRUE,FALSE,TRUE,FALSE,8.131.52.117
773,51.81.224.232,FALSE,FALSE,TRUE,TRUE,TRUE,TRUE,FALSE,ip232.ip-51-81-224.us
774,54.95.198.208,FALSE,FALSE,TRUE,TRUE,TRUE,TRUE,FALSE,pool-tky-dns.bitdefender.net
775,185.229.226.28,TRUE,TRUE,TRUE,TRUE,TRUE,TRUE,FALSE,185.229.226.28
776,45.90.28.197,TRUE,TRUE,TRUE,TRUE,TRUE,TRUE,TRUE,dns1.nextdns.io
777,210.128.97.217,FALSE,FALSE,FALSE,FALSE,FALSE,TRUE,FALSE,per-secure210.cns.2iij.net
778,51.81.81.178,FALSE,FALSE,TRUE,TRUE,TRUE,TRUE,FALSE,vps-77f564f3.vps.ovh.us
779,80.125.181.179,FALSE,FALSE,TRUE,TRUE,TRUE,TRUE,FALSE,pates.services.sfr.fr.casepp.sfr.fr
780,207.148.95.1,FALSE,FALSE,TRUE,TRUE,TRUE,TRUE,TRUE,wyx.cloud
781,47.103.166.56,FALSE,FALSE,FALSE,TRUE,TRUE,TRUE,FALSE,47.103.166.56
782,45.35.154.2,FALSE,FALSE,TRUE,TRUE,TRUE,TRUE,FALSE,unassigned.psychz.net
783,45.90.28.103,TRUE,TRUE,TRUE,TRUE,TRUE,TRUE,TRUE,dns1.nextdns.io
784,195.244.44.45,TRUE,FALSE,TRUE,FALSE,TRUE,FALSE,FALSE,195.244.44.45
785,17.253.24.213,FALSE,FALSE,TRUE,TRUE,TRUE,TRUE,FALSE,uschi5-doh-004.aaplimg.com
786,45.90.29.8,TRUE,TRUE,TRUE,TRUE,TRUE,TRUE,FALSE,45.90.29.8
787,45.90.28.84,TRUE,TRUE,TRUE,TRUE,TRUE,TRUE,TRUE,dns1.nextdns.io
788,45.90.28.106,TRUE,TRUE,TRUE,TRUE,TRUE,TRUE,TRUE,dns1.nextdns.io
789,91.217.86.4,FALSE,FALSE,TRUE,TRUE,TRUE,TRUE,FALSE,dns0.btnet.de
790,168.95.1.1,FALSE,FALSE,TRUE,TRUE,FALSE,FALSE,FALSE,dns.hinet.net
791,101.198.199.200,FALSE,FALSE,TRUE,TRUE,TRUE,TRUE,FALSE,public-dns-b.dnspai.com
792,45.90.28.208,TRUE,TRUE,TRUE,TRUE,TRUE,TRUE,TRUE,dns1.nextdns.io
793,45.90.30.3,TRUE,TRUE,TRUE,TRUE,TRUE,TRUE,TRUE,dns2.nextdns.io
794,45.90.30.3,TRUE,TRUE,TRUE,TRUE,TRUE,TRUE,TRUE,dns2.nextdns.io
795,45.90.29.128,TRUE,TRUE,TRUE,TRUE,TRUE,TRUE,FALSE,45.90.29.128
796,79.143.240.7,FALSE,FALSE,TRUE,TRUE,TRUE,TRUE,FALSE,res-acst3.absolight.net
797,80.125.161.86,FALSE,FALSE,TRUE,TRUE,TRUE,TRUE,FALSE,cms.sfr.fr.casepp.sfr.fr
798,45.90.30.80,TRUE,TRUE,TRUE,TRUE,TRUE,TRUE,TRUE,dns2.nextdns.io
799,45.90.28.199,TRUE,TRUE,TRUE,TRUE,TRUE,TRUE,TRUE,dns1.nextdns.io
800,45.90.30.113,TRUE,TRUE,TRUE,TRUE,TRUE,TRUE,TRUE,dns2.nextdns.io
801,45.90.28.249,TRUE,TRUE,TRUE,TRUE,TRUE,TRUE,TRUE,dns1.nextdns.io
802,3.121.138.96,FALSE,FALSE,TRUE,TRUE,TRUE,TRUE,FALSE,pool-fra-dns.bitdefender.net
803,45.90.29.223,TRUE,TRUE,TRUE,TRUE,TRUE,TRUE,FALSE,45.90.29.223
804,45.90.30.76,TRUE,TRUE,TRUE,TRUE,TRUE,TRUE,TRUE,dns2.nextdns.io
805,45.90.29.16,TRUE,TRUE,TRUE,TRUE,TRUE,TRUE,FALSE,45.90.29.16
806,86.159.144.0,FALSE,FALSE,TRUE,TRUE,TRUE,TRUE,FALSE,host86-159-144-0.range86-159.btcentralplus.com
807,45.90.28.76,TRUE,TRUE,TRUE,TRUE,TRUE,TRUE,TRUE,dns1.nextdns.io
808,45.77.154.135,FALSE,FALSE,TRUE,TRUE,TRUE,TRUE,FALSE,45.77.154.135.vultr.com
809,17.253.12.215,FALSE,FALSE,TRUE,TRUE,TRUE,TRUE,FALSE,usmia1-doh-006.aaplimg.com
810,44.238.109.133,FALSE,FALSE,TRUE,TRUE,TRUE,TRUE,FALSE,dnsproxy.safebr.mcafee.com
811,104.225.11.200,FALSE,FALSE,TRUE,TRUE,TRUE,TRUE,FALSE,dns2-iad.securd.com
812,39.103.26.199,FALSE,FALSE,TRUE,TRUE,TRUE,TRUE,FALSE,39.103.26.199
813,103.123.164.2,FALSE,FALSE,TRUE,TRUE,TRUE,TRUE,TRUE,ns1.netent.co.nz
814,45.60.186.33,FALSE,FALSE,TRUE,TRUE,TRUE,TRUE,FALSE,45.60.186.33
815,45.90.30.78,TRUE,TRUE,TRUE,TRUE,TRUE,TRUE,TRUE,dns2.nextdns.io
816,45.90.29.169,TRUE,TRUE,TRUE,TRUE,TRUE,TRUE,FALSE,45.90.29.169
817,140.207.198.6,FALSE,FALSE,TRUE,TRUE,TRUE,TRUE,FALSE,pub1.sdns.360.cn
818,159.203.35.192,FALSE,FALSE,TRUE,TRUE,TRUE,TRUE,FALSE,cv-dns-on-ca-1.cloudveil.org
819,116.202.103.81,FALSE,FALSE,TRUE,TRUE,TRUE,TRUE,FALSE,static.81.103.202.116.clients.your-server.de
820,195.161.115.16,FALSE,FALSE,TRUE,TRUE,TRUE,TRUE,FALSE,195.161.115.16
821,154.121.2.53,FALSE,FALSE,TRUE,TRUE,TRUE,TRUE,FALSE,154.121.2.53
822,78.128.99.220,FALSE,FALSE,TRUE,TRUE,TRUE,TRUE,FALSE,78.128.99.220
823,103.196.38.40,FALSE,FALSE,TRUE,TRUE,TRUE,TRUE,TRUE,c.hdns.io
824,109.24.72.41,FALSE,FALSE,TRUE,TRUE,TRUE,TRUE,FALSE,www.red-by-sfr.fr.casepp.sfr.fr
825,17.253.84.247,FALSE,FALSE,TRUE,TRUE,TRUE,TRUE,FALSE,hkhkg1-doh-002.aaplimg.com
826,45.90.28.182,TRUE,TRUE,TRUE,TRUE,TRUE,TRUE,TRUE,dns1.nextdns.io
827,74.63.24.248,FALSE,FALSE,TRUE,TRUE,TRUE,TRUE,FALSE,res110.fra.rrdns.pch.net
828,45.90.28.163,TRUE,TRUE,TRUE,TRUE,TRUE,TRUE,TRUE,dns1.nextdns.io
829,107.20.123.160,FALSE,FALSE,TRUE,TRUE,TRUE,TRUE,FALSE,pool-nvi-dns.bitdefender.net
830,109.24.72.34,FALSE,FALSE,TRUE,TRUE,TRUE,TRUE,FALSE,applimabox.sfr.fr.casepp.sfr.fr
831,170.39.227.247,TRUE,TRUE,TRUE,TRUE,TRUE,TRUE,TRUE,dns.nextdns.io
832,47.103.166.53,FALSE,FALSE,TRUE,TRUE,TRUE,TRUE,FALSE,47.103.166.53
833,45.90.28.166,TRUE,TRUE,TRUE,TRUE,TRUE,TRUE,TRUE,dns1.nextdns.io
834,103.219.152.6,FALSE,FALSE,TRUE,TRUE,TRUE,TRUE,FALSE,ns2.cloudwebservices.nl
835,80.124.140.221,FALSE,FALSE,TRUE,TRUE,TRUE,TRUE,FALSE,gsa2-admin.sfr.fr.casepp.sfr.fr
836,143.244.33.74,FALSE,FALSE,TRUE,TRUE,TRUE,TRUE,FALSE,unn-143-244-33-74.datapacket.com
837,185.150.10.229,TRUE,TRUE,TRUE,TRUE,TRUE,TRUE,TRUE,steering.nextdns.io
838,193.150.121.28,FALSE,FALSE,TRUE,TRUE,TRUE,TRUE,FALSE,193.150.121.28
839,45.90.30.191,TRUE,TRUE,TRUE,TRUE,TRUE,TRUE,TRUE,dns2.nextdns.io
840,158.64.1.29,FALSE,FALSE,FALSE,TRUE,FALSE,TRUE,FALSE,kaitain.restena.lu
841,124.70.83.172,FALSE,FALSE,TRUE,TRUE,TRUE,TRUE,FALSE,ecs-124-70-83-172.compute.hwclouds-dns.com
842,185.235.81.1,FALSE,FALSE,TRUE,TRUE,TRUE,TRUE,FALSE,doh.dnslify.com
843,45.90.30.124,TRUE,TRUE,TRUE,TRUE,TRUE,TRUE,TRUE,dns2.nextdns.io
844,45.90.29.244,TRUE,TRUE,TRUE,TRUE,TRUE,TRUE,FALSE,45.90.29.244
845,45.90.30.197,TRUE,TRUE,TRUE,TRUE,TRUE,TRUE,TRUE,dns2.nextdns.io
846,45.90.28.224,TRUE,TRUE,TRUE,TRUE,TRUE,TRUE,TRUE,dns1.nextdns.io
847,86.73.221.179,FALSE,FALSE,TRUE,TRUE,TRUE,TRUE,FALSE,179.221.73.86.rev.sfr.net
848,45.90.30.11,TRUE,TRUE,TRUE,TRUE,TRUE,TRUE,TRUE,dns2.nextdns.io
849,81.7.14.191,FALSE,FALSE,TRUE,TRUE,TRUE,TRUE,FALSE,s81-7-14-191.blue.kundencontroller.de
850,172.81.108.146,FALSE,FALSE,FALSE,TRUE,FALSE,TRUE,FALSE,172.81.108.146
851,176.58.88.213,FALSE,FALSE,TRUE,TRUE,TRUE,TRUE,FALSE,dns2-lhr.securd.com
852,45.90.30.189,TRUE,TRUE,TRUE,TRUE,TRUE,TRUE,TRUE,dns2.nextdns.io
853,9.9.9.10,FALSE,FALSE,TRUE,TRUE,TRUE,TRUE,TRUE,dns10.quad9.net
854,17.253.96.85,FALSE,FALSE,TRUE,TRUE,TRUE,TRUE,FALSE,17.253.96.85
855,37.252.225.79,TRUE,TRUE,TRUE,TRUE,TRUE,TRUE,TRUE,dns.nextdns.io
856,45.90.29.155,TRUE,TRUE,TRUE,TRUE,TRUE,TRUE,FALSE,45.90.29.155
857,45.90.30.15,TRUE,TRUE,TRUE,TRUE,TRUE,TRUE,TRUE,dns2.nextdns.io
858,80.124.140.164,FALSE,FALSE,TRUE,TRUE,TRUE,TRUE,FALSE,cms.gws-mobile.sfr.fr.casepp.sfr.fr
859,130.59.31.251,FALSE,FALSE,TRUE,TRUE,TRUE,TRUE,FALSE,dns.switch.ch
860,210.130.0.3,FALSE,FALSE,FALSE,FALSE,FALSE,TRUE,FALSE,ns14.iij.ad.jp
861,45.90.29.207,TRUE,TRUE,TRUE,TRUE,TRUE,TRUE,FALSE,45.90.29.207
862,80.125.180.154,FALSE,FALSE,TRUE,TRUE,TRUE,TRUE,FALSE,ezy.sfr.fr.backup.casepp.sfr.fr
863,54.246.187.60,FALSE,FALSE,FALSE,TRUE,FALSE,FALSE,FALSE,ec2-54-246-187-60.eu-west-1.compute.amazonaws.com
864,54.194.121.142,FALSE,FALSE,FALSE,TRUE,FALSE,FALSE,FALSE,ec2-54-194-121-142.eu-west-1.compute.amazonaws.com
865,194.50.94.140,FALSE,FALSE,TRUE,TRUE,TRUE,TRUE,FALSE,de-dus01.adm.moulticast.net
866,184.31.0.240,FALSE,FALSE,FALSE,TRUE,FALSE,TRUE,FALSE,a184-31-0-240.deploy.static.akamaitechnologies.com
867,185.255.55.25,FALSE,FALSE,TRUE,TRUE,TRUE,TRUE,TRUE,doh-nl.dns.sb
868,51.158.66.31,FALSE,FALSE,TRUE,TRUE,TRUE,TRUE,FALSE,manta.offline.net
869,45.90.28.159,TRUE,TRUE,TRUE,TRUE,TRUE,TRUE,TRUE,dns1.nextdns.io
870,47.108.130.22,FALSE,FALSE,TRUE,TRUE,TRUE,TRUE,TRUE,47.108.130.22
871,45.90.28.7,TRUE,TRUE,TRUE,TRUE,TRUE,TRUE,TRUE,dns1.nextdns.io
872,17.253.24.247,FALSE,FALSE,TRUE,TRUE,TRUE,TRUE,FALSE,uschi5-doh-002.aaplimg.com
873,86.106.90.57,TRUE,TRUE,TRUE,TRUE,TRUE,TRUE,TRUE,dns.nextdns.io
874,45.90.29.180,TRUE,TRUE,TRUE,TRUE,TRUE,TRUE,FALSE,45.90.29.180
875,95.211.44.91,FALSE,FALSE,TRUE,TRUE,TRUE,TRUE,TRUE,twg001.timmes.nl
876,147.135.109.96,FALSE,TRUE,TRUE,TRUE,TRUE,TRUE,TRUE,one-pdx-1.edge.nextdns.io
877,45.90.30.173,TRUE,TRUE,TRUE,TRUE,TRUE,TRUE,TRUE,dns2.nextdns.io
878,111.206.170.78,FALSE,FALSE,TRUE,TRUE,TRUE,TRUE,FALSE,111.206.170.78
879,199.38.182.47,FALSE,FALSE,TRUE,TRUE,TRUE,TRUE,FALSE,doh.dht.prd.live.c2szps.akadns.net
880,34.65.12.198,FALSE,FALSE,FALSE,FALSE,TRUE,TRUE,FALSE,198.12.65.34.bc.googleusercontent.com
881,193.191.129.45,FALSE,FALSE,TRUE,TRUE,TRUE,TRUE,FALSE,ptr45.dekamer.be
882,210.128.97.76,FALSE,FALSE,FALSE,FALSE,FALSE,TRUE,FALSE,cor-secure01.cns.2iij.net
883,103.247.37.150,TRUE,TRUE,TRUE,TRUE,TRUE,TRUE,FALSE,103.247.37.150
884,116.203.141.185,FALSE,FALSE,TRUE,TRUE,TRUE,TRUE,FALSE,ns2.tausch.co
885,194.191.40.86,FALSE,FALSE,TRUE,TRUE,TRUE,TRUE,FALSE,help.avantec.ch
886,5.1.32.212,FALSE,FALSE,TRUE,TRUE,TRUE,TRUE,FALSE,ns-p-ep-c.raclus.net
887,45.90.30.141,TRUE,TRUE,TRUE,TRUE,TRUE,TRUE,TRUE,dns2.nextdns.io
888,40.114.217.81,FALSE,FALSE,TRUE,TRUE,TRUE,TRUE,FALSE,40.114.217.81
889,210.130.0.1,FALSE,FALSE,FALSE,TRUE,FALSE,TRUE,FALSE,ns01.iij4u.or.jp
890,185.21.100.14,FALSE,FALSE,FALSE,FALSE,TRUE,FALSE,FALSE,esb-smileypack.nitrobox.eu
891,191.209.16.235,FALSE,FALSE,TRUE,TRUE,TRUE,TRUE,FALSE,191-209-16-235.user.vivozap.com.br
892,45.90.29.167,TRUE,TRUE,TRUE,TRUE,TRUE,TRUE,FALSE,45.90.29.167
893,193.191.129.41,FALSE,FALSE,TRUE,TRUE,TRUE,TRUE,FALSE,ptr41.dekamer.be
894,45.90.29.191,TRUE,TRUE,TRUE,TRUE,TRUE,TRUE,FALSE,45.90.29.191
895,45.90.29.105,TRUE,TRUE,TRUE,TRUE,TRUE,TRUE,FALSE,45.90.29.105
896,45.90.29.195,TRUE,TRUE,TRUE,TRUE,TRUE,TRUE,FALSE,45.90.29.195
897,185.235.81.3,FALSE,FALSE,TRUE,TRUE,TRUE,TRUE,FALSE,resolver3.ns.dnslify.net
898,104.225.12.223,FALSE,FALSE,TRUE,TRUE,TRUE,TRUE,FALSE,104.225.12.223
899,45.90.30.8,TRUE,TRUE,TRUE,TRUE,TRUE,TRUE,TRUE,dns2.nextdns.io
900,80.124.140.231,FALSE,FALSE,TRUE,TRUE,TRUE,TRUE,FALSE,authentification.sfr.re.casepp.sfr.fr
901,82.165.167.96,FALSE,FALSE,TRUE,TRUE,TRUE,TRUE,FALSE,82.165.167.96
902,8.208.2.65,FALSE,FALSE,TRUE,TRUE,TRUE,TRUE,FALSE,8.208.2.65
903,45.90.29.125,TRUE,TRUE,TRUE,TRUE,TRUE,TRUE,FALSE,45.90.29.125
904,194.100.93.136,FALSE,FALSE,TRUE,TRUE,TRUE,TRUE,TRUE,lastentarvike.fi
905,83.69.169.69,FALSE,FALSE,TRUE,TRUE,TRUE,TRUE,FALSE,host-83-69-169-69.ncp.ru
906,83.212.102.207,FALSE,FALSE,TRUE,TRUE,TRUE,TRUE,FALSE,snf-880622.vm.okeanos.grnet.gr
907,45.90.29.7,TRUE,TRUE,TRUE,TRUE,TRUE,TRUE,FALSE,45.90.29.7
908,185.103.117.76,FALSE,FALSE,TRUE,TRUE,TRUE,TRUE,FALSE,doh-a.simpledns.xyz
909,31.216.14.41,FALSE,FALSE,TRUE,TRUE,TRUE,TRUE,FALSE,ns2.highnet.com
910,80.124.140.206,FALSE,FALSE,TRUE,TRUE,TRUE,TRUE,FALSE,monespace.sfr.fr.casepp.sfr.fr
911,149.112.121.30,FALSE,FALSE,TRUE,TRUE,FALSE,TRUE,TRUE,family.canadianshield.cira.ca
912,45.90.28.16,TRUE,TRUE,TRUE,TRUE,TRUE,TRUE,TRUE,dns1.nextdns.io
913,192.109.42.42,FALSE,FALSE,TRUE,TRUE,TRUE,TRUE,FALSE,dns2.in-berlin.de
914,5.1.32.213,FALSE,FALSE,TRUE,TRUE,TRUE,TRUE,FALSE,ns-p-ep-d.raclus.net
915,54.69.221.253,FALSE,FALSE,TRUE,TRUE,TRUE,TRUE,FALSE,pool-ore-dns.bitdefender.net
916,210.128.97.204,FALSE,FALSE,FALSE,TRUE,FALSE,TRUE,FALSE,cor-secure21.cns.2iij.net
917,17.253.26.119,FALSE,FALSE,TRUE,TRUE,TRUE,TRUE,FALSE,uslax1-doh-001.aaplimg.com
918,217.0.43.50,FALSE,FALSE,TRUE,TRUE,TRUE,TRUE,FALSE,d-nxr-a02.isp.t-ipnet.de
919,192.73.252.11,FALSE,FALSE,TRUE,TRUE,TRUE,TRUE,FALSE,192.73.252.11
920,45.76.106.139,FALSE,FALSE,TRUE,TRUE,TRUE,TRUE,FALSE,45.76.106.139.vultr.com
921,107.174.206.189,TRUE,TRUE,TRUE,TRUE,TRUE,TRUE,FALSE,107-174-206-189-host.colocrossing.com
922,62.12.117.34,FALSE,FALSE,TRUE,TRUE,TRUE,TRUE,FALSE,static-62-12-117-34.ips.angani.co
923,61.148.33.140,FALSE,FALSE,TRUE,TRUE,TRUE,TRUE,FALSE,61.148.33.140
924,210.138.123.78,FALSE,FALSE,FALSE,TRUE,FALSE,FALSE,FALSE,pub-fsr1600.cns.2iij.net
925,160.119.253.209,FALSE,FALSE,TRUE,TRUE,TRUE,TRUE,FALSE,server.foodtoyou.co.za
926,101.36.166.17,FALSE,FALSE,FALSE,FALSE,TRUE,FALSE,TRUE,101.36.166.17
927,202.232.2.31,FALSE,FALSE,FALSE,TRUE,FALSE,FALSE,FALSE,ns05.iij.ad.jp
928,202.232.2.38,FALSE,FALSE,FALSE,FALSE,FALSE,TRUE,FALSE,ns4.iij.ad.jp
929,210.128.97.222,FALSE,FALSE,FALSE,TRUE,FALSE,FALSE,FALSE,pub-fsr211.cns.2iij.net
930,69.70.16.42,FALSE,FALSE,FALSE,TRUE,FALSE,FALSE,FALSE,zougloub.eu
